timestamp,location,vehicle_count,avg_speed,accidents,location_encoded,hour,dayofweek,predicted_speed
2023-01-01 00:00:00,East,72,76.65821809746978,1,0,0,6,65.5534222432967
2023-01-01 01:00:00,West,26,26.13161718162313,2,3,1,6,36.50711467116314
2023-01-01 02:00:00,North,82,71.25258646769396,0,1,2,6,66.37494444938652
2023-01-01 03:00:00,East,42,51.62144577271172,0,0,3,6,51.22016254168834
2023-01-01 04:00:00,East,93,69.5552459479938,0,0,4,6,67.21026729301519
2023-01-01 05:00:00,West,86,37.90246585939956,0,3,5,6,41.62735931754958
2023-01-01 06:00:00,North,38,70.39682988034832,0,1,6,6,61.601395922707944
2023-01-01 07:00:00,North,22,66.36936680100827,0,1,7,6,59.665051875022954
2023-01-01 08:00:00,East,55,33.803220981886035,0,0,8,6,37.990283964769844
2023-01-01 09:00:00,South,44,27.880107584562683,0,2,9,6,37.28381638310851
2023-01-01 10:00:00,East,15,72.08325935193757,0,0,10,6,51.82272563176494
2023-01-01 11:00:00,East,91,77.79419920640791,0,0,11,6,68.38742791667418
2023-01-01 12:00:00,East,78,21.87813882485097,0,0,12,6,38.94840360823321
2023-01-01 13:00:00,East,56,63.876204018421134,0,0,13,6,57.18592776364493
2023-01-01 14:00:00,West,34,74.57147065686911,1,3,14,6,62.62840402019583
2023-01-01 15:00:00,North,75,71.44160552554992,0,1,15,6,64.45533689486203
2023-01-01 16:00:00,West,19,77.87122833621251,0,3,16,6,68.72334692726757
2023-01-01 17:00:00,West,65,65.60564470628583,0,3,17,6,58.55965924606283
2023-01-01 18:00:00,West,39,46.53792574285461,0,3,18,6,50.727460100931175
2023-01-01 19:00:00,East,14,38.71711942970783,1,0,19,6,43.81145845589146
2023-01-01 20:00:00,South,42,39.244564426287646,0,2,20,6,45.407445267243
2023-01-01 21:00:00,North,74,63.465360356847015,0,1,21,6,59.19562483457598
2023-01-01 22:00:00,South,27,64.75022072185786,1,2,22,6,58.66651301833288
2023-01-01 23:00:00,West,58,32.02154861292276,0,3,23,6,40.169809608591144
2023-01-02 00:00:00,West,20,72.08736880943187,1,3,0,0,62.77704362028452
2023-01-02 01:00:00,South,94,62.895442412134855,0,2,1,0,58.79730433936219
2023-01-02 02:00:00,South,35,53.76501718060296,0,2,2,0,53.06464866031981
2023-01-02 03:00:00,South,72,48.29194760615077,0,2,3,0,53.02262937159962
2023-01-02 04:00:00,West,98,52.593968347397485,0,3,4,0,52.92274373524404
2023-01-02 05:00:00,West,95,29.554744296755867,0,3,5,0,45.55399543240486
2023-01-02 06:00:00,North,68,32.22207495657645,0,1,6,0,44.554086947233266
2023-01-02 07:00:00,North,36,25.469869424371502,0,1,7,0,32.347184944192584
2023-01-02 08:00:00,West,58,29.21948228966676,0,3,8,0,36.83974824820946
2023-01-02 09:00:00,South,86,47.22161807631696,0,2,9,0,49.349631105331106
2023-01-02 10:00:00,South,42,51.821263623695366,0,2,10,0,50.573800978820564
2023-01-02 11:00:00,North,10,21.07171354869916,0,1,11,0,30.049968713446688
2023-01-02 12:00:00,West,30,67.80786967184164,1,3,12,0,61.05573446084775
2023-01-02 13:00:00,North,64,37.65007840060868,1,1,13,0,39.44858471801365
2023-01-02 14:00:00,North,15,74.71016209759466,0,1,14,0,60.016963952200896
2023-01-02 15:00:00,East,90,78.05067581682667,0,0,15,0,29.777838659869314
2023-01-02 16:00:00,East,78,31.12753248059926,1,0,16,0,35.11186136604311
2023-01-02 17:00:00,East,14,47.72583744593964,0,0,17,0,46.56081557545605
2023-01-02 18:00:00,South,12,20.073910109985555,0,2,18,0,29.77291387103442
2023-01-02 19:00:00,West,62,55.89963590734562,0,3,19,0,50.52081368075122
2023-01-02 20:00:00,West,32,56.438386895760274,0,3,20,0,57.54011285916856
2023-01-02 21:00:00,West,62,34.85239733620251,1,3,21,0,40.88861917957129
2023-01-02 22:00:00,West,46,53.50476035499187,0,3,22,0,50.3711742400299
2023-01-02 23:00:00,East,83,33.532408546624126,0,0,23,0,36.778700570685835
2023-01-03 00:00:00,South,83,29.6495281446914,0,2,0,1,35.3583147925007
2023-01-03 01:00:00,South,92,59.09116800813588,0,2,1,1,58.77919166597446
2023-01-03 02:00:00,East,26,39.555527837124494,0,0,2,1,46.17654438304356
2023-01-03 03:00:00,South,94,55.41583633313735,0,2,3,1,57.710812511975675
2023-01-03 04:00:00,East,87,45.99480493829934,1,0,4,1,49.218616047586984
2023-01-03 05:00:00,West,82,79.06108444417424,0,3,5,1,70.7093015050576
2023-01-03 06:00:00,East,10,28.974838560053943,0,0,6,1,46.466401111126125
2023-01-03 07:00:00,West,60,47.87591579814861,1,3,7,1,42.433294739310604
2023-01-03 08:00:00,West,54,60.82739758155952,0,3,8,1,57.68961200586393
2023-01-03 09:00:00,North,86,43.73270503279812,1,1,9,1,43.32044489612072
2023-01-03 10:00:00,East,13,78.48199111224139,0,0,10,1,62.55278910499272
2023-01-03 11:00:00,North,71,63.3132576756161,0,1,11,1,57.39105807350168
2023-01-03 12:00:00,East,74,59.41903145386959,1,0,12,1,52.60450693655489
2023-01-03 13:00:00,East,41,65.42355605667339,0,0,13,1,63.61664122095282
2023-01-03 14:00:00,North,43,77.15891828232301,0,1,14,1,62.765093705886244
2023-01-03 15:00:00,North,81,74.4691191790784,0,1,15,1,53.12026406108682
2023-01-03 16:00:00,East,48,63.45711848758472,0,0,16,1,59.22892376248498
2023-01-03 17:00:00,South,35,64.94969834607699,0,2,17,1,58.338047371098554
2023-01-03 18:00:00,West,43,28.755324442108726,0,3,18,1,46.157629011282786
2023-01-03 19:00:00,North,63,26.16754426955994,0,1,19,1,38.15434606006788
2023-01-03 20:00:00,West,12,54.254270110649855,0,3,20,1,51.729404010535966
2023-01-03 21:00:00,South,59,21.1020582164324,0,2,21,1,29.84874056461024
2023-01-03 22:00:00,South,21,48.94138289309549,1,2,22,1,47.15184881145431
2023-01-03 23:00:00,South,74,32.62097479513211,1,2,23,1,39.050485431526276
2023-01-04 00:00:00,North,63,40.76099405869037,0,1,0,2,49.593101596747985
2023-01-04 01:00:00,South,14,66.54828414757736,0,2,1,2,62.82041062560429
2023-01-04 02:00:00,North,66,76.47425025394318,0,1,2,2,70.39690762353855
2023-01-04 03:00:00,South,26,24.34497632878049,0,2,3,2,37.69344752668871
2023-01-04 04:00:00,West,56,52.05453235858671,0,3,4,2,54.69407706992534
2023-01-04 05:00:00,West,32,72.952009149176,0,3,5,2,69.24592965483113
2023-01-04 06:00:00,East,88,24.95051206642528,0,0,6,2,51.80306839764759
2023-01-04 07:00:00,West,94,69.47084281381004,0,3,7,2,65.77320412392967
2023-01-04 08:00:00,East,23,41.46808105569628,0,0,8,2,43.7693202811591
2023-01-04 09:00:00,West,75,39.32568213316012,0,3,9,2,45.96843709936103
2023-01-04 10:00:00,North,84,78.64798317888715,0,1,10,2,66.79839689975
2023-01-04 11:00:00,West,60,32.05154539173765,1,3,11,2,41.08138754864377
2023-01-04 12:00:00,East,47,61.591636449360855,0,0,12,2,52.57669547218886
2023-01-04 13:00:00,East,73,69.28644368059199,0,0,13,2,65.48931471852866
2023-01-04 14:00:00,South,47,22.4710097167563,0,2,14,2,51.855627465446666
2023-01-04 15:00:00,North,59,60.223127501264734,0,1,15,2,55.10775536114908
2023-01-04 16:00:00,West,91,77.09299846131961,1,3,16,2,55.60443297912188
2023-01-04 17:00:00,South,39,27.45319800368356,0,2,17,2,36.148789255151925
2023-01-04 18:00:00,West,88,73.7732781611023,0,3,18,2,66.82056382429752
2023-01-04 19:00:00,West,60,55.68659824261616,1,3,19,2,58.128147948163715
2023-01-04 20:00:00,South,72,56.99627491174844,0,2,20,2,54.783110914161
2023-01-04 21:00:00,South,61,56.77665049193636,0,2,21,2,54.2582682167029
2023-01-04 22:00:00,South,47,37.93015318023883,0,2,22,2,38.24992444208326
2023-01-04 23:00:00,South,97,76.11210891796759,0,2,23,2,70.52505083767623
2023-01-05 00:00:00,South,88,76.84102775786232,1,2,0,3,45.71926519300184
2023-01-05 01:00:00,West,39,57.51827961283687,1,3,1,3,52.69866523823684
2023-01-05 02:00:00,South,60,67.00536355649689,0,2,2,3,64.5667320380766
2023-01-05 03:00:00,North,90,56.73547915286948,1,1,3,3,52.3158217753387
2023-01-05 04:00:00,East,14,49.06390685444244,1,0,4,3,48.53574837791999
2023-01-05 05:00:00,South,38,59.64920709795504,0,2,5,3,57.021230281710444
2023-01-05 06:00:00,South,13,53.18008715551751,0,2,6,3,52.79833769274674
2023-01-05 07:00:00,West,19,55.84855175791581,0,3,7,3,51.366455639469585
2023-01-05 08:00:00,South,65,67.02995320513172,0,2,8,3,55.813972277957554
2023-01-05 09:00:00,South,26,48.854229886939095,0,2,9,3,49.205744635426136
2023-01-05 10:00:00,South,83,22.445246365548364,0,2,10,3,31.07114924143838
2023-01-05 11:00:00,West,26,29.83996885936984,1,3,11,3,53.30683225524581
2023-01-05 12:00:00,South,93,46.3164329893723,0,2,12,3,53.625100715102064
2023-01-05 13:00:00,East,97,63.4895935924435,0,0,13,3,59.66156380284204
2023-01-05 14:00:00,West,78,55.596718898610725,0,3,14,3,45.07184243657818
2023-01-05 15:00:00,East,43,59.01765115240723,0,0,15,3,58.16359864056393
2023-01-05 16:00:00,West,15,48.75673571457724,0,3,16,3,49.87222781416019
2023-01-05 17:00:00,South,62,56.94452131653457,1,2,17,3,57.52472902127542
2023-01-05 18:00:00,East,75,39.74104626887973,0,0,18,3,41.35174663888473
2023-01-05 19:00:00,West,86,48.21095556179991,0,3,19,3,51.214837327783144
2023-01-05 20:00:00,North,52,64.65674393569734,0,1,20,3,58.96404245025414
2023-01-05 21:00:00,South,84,72.30996673838726,0,2,21,3,57.65894088592171
2023-01-05 22:00:00,West,32,46.01932003738334,0,3,22,3,45.942582889901914
2023-01-05 23:00:00,North,64,22.61969946244168,0,1,23,3,34.36186051636952
2023-01-06 00:00:00,West,89,29.70035264880816,0,3,0,4,45.897613882057634
2023-01-06 01:00:00,North,84,21.251668357492285,0,1,1,4,29.24560171914031
2023-01-06 02:00:00,South,25,59.1957811542398,2,2,2,4,56.36533761738744
2023-01-06 03:00:00,East,17,39.93887752130654,0,0,3,4,43.57377903177211
2023-01-06 04:00:00,North,13,52.54871814316205,0,1,4,4,50.11564003352736
2023-01-06 05:00:00,West,13,49.59661080702797,0,3,5,4,51.81667723472619
2023-01-06 06:00:00,South,65,24.8915893731456,0,2,6,4,32.20465447948091
2023-01-06 07:00:00,North,34,44.19568166742991,0,1,7,4,44.93514080501248
2023-01-06 08:00:00,West,76,33.2336674953394,1,3,8,4,35.95020954507516
2023-01-06 09:00:00,West,76,45.10398732005916,0,3,9,4,43.12878048819633
2023-01-06 10:00:00,West,36,32.21469682053456,0,3,10,4,39.9196594662846
2023-01-06 11:00:00,North,41,70.42714437661601,0,1,11,4,65.33211508460792
2023-01-06 12:00:00,North,59,30.451600194695217,0,1,12,4,35.058139110272734
2023-01-06 13:00:00,North,70,77.64683308921862,0,1,13,4,69.21504272514649
2023-01-06 14:00:00,East,60,44.95444196881645,1,0,14,4,48.73284912073016
2023-01-06 15:00:00,North,28,70.77471752114296,0,1,15,4,64.19023359990392
2023-01-06 16:00:00,North,30,57.72588909235671,0,1,16,4,62.172512912274144
2023-01-06 17:00:00,North,14,64.12101791994516,1,1,17,4,52.599491790233614
2023-01-06 18:00:00,East,91,66.06343328400682,0,0,18,4,61.26834336783444
2023-01-06 19:00:00,North,51,50.29069291358107,0,1,19,4,49.56488255959465
2023-01-06 20:00:00,West,70,52.5980314017973,0,3,20,4,53.461387976900454
2023-01-06 21:00:00,North,31,50.839752068523495,0,1,21,4,47.61661278958048
2023-01-06 22:00:00,West,30,55.28350268540476,0,3,22,4,53.22558327123855
2023-01-06 23:00:00,West,79,21.76366674539044,0,3,23,4,34.00485052236297
2023-01-07 00:00:00,West,10,43.73091019094092,1,3,0,5,46.617478291063954
2023-01-07 01:00:00,East,14,56.37132281367029,0,0,1,5,51.26375112309273
2023-01-07 02:00:00,East,21,55.86341391535186,0,0,2,5,53.2446274713965
2023-01-07 03:00:00,East,99,67.57736567633789,0,0,3,5,63.838907127734814
2023-01-07 04:00:00,North,55,59.30056032992651,0,1,4,5,57.505478771562956
2023-01-07 05:00:00,West,43,79.52799898044034,0,3,5,5,68.94394663038933
2023-01-07 06:00:00,East,58,37.0312717165187,0,0,6,5,42.00949774733197
2023-01-07 07:00:00,East,87,41.54906177997389,0,0,7,5,45.79509991399962
2023-01-07 08:00:00,North,99,43.03082911206778,0,1,8,5,50.84499710945596
2023-01-07 09:00:00,East,54,47.94876842121491,0,0,9,5,43.824681547857864
2023-01-07 10:00:00,North,36,70.15988382687257,1,1,10,5,61.82748361269081
2023-01-07 11:00:00,South,82,34.14752563755259,0,2,11,5,41.13875894668756
2023-01-07 12:00:00,East,35,66.56001242212577,0,0,12,5,61.03895034604319
2023-01-07 13:00:00,South,56,44.3186109851446,0,2,13,5,46.03411002948606
2023-01-07 14:00:00,North,95,56.11132301972051,0,1,14,5,50.70035892281522
2023-01-07 15:00:00,West,65,57.952431993578365,0,3,15,5,51.66873254964116
2023-01-07 16:00:00,East,72,42.37091823133606,0,0,16,5,54.801766180526386
2023-01-07 17:00:00,North,57,50.75691231234831,0,1,17,5,48.03844459599945
2023-01-07 18:00:00,West,70,44.78187047886182,1,3,18,5,42.82676279982654
2023-01-07 19:00:00,West,90,24.14796717119717,1,3,19,5,34.320676350536644
2023-01-07 20:00:00,South,35,46.2299233290096,0,2,20,5,47.270060410349
2023-01-07 21:00:00,North,45,25.84360355321313,0,1,21,5,33.252474110977715
2023-01-07 22:00:00,West,10,44.301247944819295,0,3,22,5,48.23059338092535
2023-01-07 23:00:00,East,17,55.575103989906914,1,0,23,5,53.392319762787885
2023-01-08 00:00:00,East,61,54.764893960610046,1,0,0,6,46.90244603225291
2023-01-08 01:00:00,South,88,59.75727674049922,0,2,1,6,55.703252135597516
2023-01-08 02:00:00,West,56,25.715690477277576,0,3,2,6,36.01020210818381
2023-01-08 03:00:00,North,65,59.12739473182627,0,1,3,6,55.51874964381225
2023-01-08 04:00:00,East,95,38.72888340178682,1,0,4,6,40.37125275579429
2023-01-08 05:00:00,West,23,43.942756768226666,0,3,5,6,45.8976896947007
2023-01-08 06:00:00,West,99,71.47917523536235,0,3,6,6,55.5701345419457
2023-01-08 07:00:00,South,37,20.54182424777301,0,2,7,6,30.912285236772945
2023-01-08 08:00:00,East,96,55.30475800043633,0,0,8,6,52.44440705809394
2023-01-08 09:00:00,East,87,55.92283880600645,0,0,9,6,55.06085869006649
2023-01-08 10:00:00,North,97,43.79958658061372,1,1,10,6,45.45459726425307
2023-01-08 11:00:00,East,11,34.22167142650017,0,0,11,6,40.353933956025564
2023-01-08 12:00:00,North,35,34.08044229569306,0,1,12,6,41.90140722826049
2023-01-08 13:00:00,East,23,73.02258017964516,0,0,13,6,69.030244677985
2023-01-08 14:00:00,South,68,46.52146242697145,1,2,14,6,50.43446075613718
2023-01-08 15:00:00,East,65,39.85336177935032,0,0,15,6,48.942608519253575
2023-01-08 16:00:00,North,16,46.92665442988418,0,1,16,6,57.513326560607496
2023-01-08 17:00:00,North,12,60.16342408756168,0,1,17,6,52.50872471854732
2023-01-08 18:00:00,South,32,28.745394094685103,0,2,18,6,41.43767303583308
2023-01-08 19:00:00,East,27,46.96603011282426,1,0,19,6,48.54427166816565
2023-01-08 20:00:00,East,47,55.273062266623214,1,0,20,6,50.55853601266721
2023-01-08 21:00:00,South,24,76.91500129108603,0,2,21,6,71.13125816671702
2023-01-08 22:00:00,East,73,35.15166692452516,0,0,22,6,43.48194035751776
2023-01-08 23:00:00,East,98,41.55504487497473,0,0,23,6,47.5998945845279
2023-01-09 00:00:00,North,37,42.76151539534543,1,1,0,0,44.00115644451024
2023-01-09 01:00:00,East,83,56.33228945869297,1,0,1,0,54.09725381408852
2023-01-09 02:00:00,East,48,41.4039231824001,0,0,2,0,44.1246523432927
2023-01-09 03:00:00,South,66,52.01071551798174,0,2,3,0,52.71224741251198
2023-01-09 04:00:00,South,26,66.90741979070177,0,2,4,0,65.59879364373722
2023-01-09 05:00:00,West,95,62.32313564673221,0,3,5,0,45.55399543240486
2023-01-09 06:00:00,North,99,46.782118790755135,1,1,6,0,62.09243868737488
2023-01-09 07:00:00,East,53,71.85297066045013,0,0,7,0,43.02264965846767
2023-01-09 08:00:00,East,34,53.48841497563177,0,0,8,0,46.80726902419094
2023-01-09 09:00:00,West,26,52.39435037013275,1,3,9,0,53.07884107689978
2023-01-09 10:00:00,East,22,22.05126595634949,0,0,10,0,31.26902509467102
2023-01-09 11:00:00,North,93,79.20157882142969,0,1,11,0,70.44814270635597
2023-01-09 12:00:00,West,34,27.378248511777603,0,3,12,0,37.909202506939444
2023-01-09 13:00:00,North,77,33.8678547456588,0,1,13,0,35.524145319788815
2023-01-09 14:00:00,West,19,23.101810234491616,0,3,14,0,34.10691678741873
2023-01-09 15:00:00,West,76,58.40017801021482,0,3,15,0,49.65827639883876
2023-01-09 16:00:00,South,27,33.4820706183608,0,2,16,0,41.412010798032476
2023-01-09 17:00:00,North,95,30.800626248363407,0,1,17,0,38.15125359769706
2023-01-09 18:00:00,East,43,25.31333505339448,0,0,18,0,40.689608650794014
2023-01-09 19:00:00,East,17,26.19853742744094,0,0,19,0,30.157946542242588
2023-01-09 20:00:00,North,49,55.080242026555325,1,1,20,0,49.763432751422286
2023-01-09 21:00:00,East,92,61.29247195199573,1,0,21,0,49.312148152321015
2023-01-09 22:00:00,East,51,43.84273930786407,0,0,22,0,45.413497860691244
2023-01-09 23:00:00,North,50,48.7938248955244,0,1,23,0,51.02741931550327
2023-01-10 00:00:00,West,15,61.158064158979045,0,3,0,1,57.17696173317949
2023-01-10 01:00:00,North,61,21.04278741112877,0,1,1,1,36.140272642453816
2023-01-10 02:00:00,West,35,39.38783942421672,0,3,2,1,51.04292596808292
2023-01-10 03:00:00,East,73,78.38586488422078,0,0,3,1,69.06324252426863
2023-01-10 04:00:00,East,68,54.80673378172808,0,0,4,1,53.97588497416057
2023-01-10 05:00:00,East,65,35.25347479384959,0,0,5,1,50.824461310292925
2023-01-10 06:00:00,South,68,51.30380279817279,0,2,6,1,53.68839813775553
2023-01-10 07:00:00,West,79,40.55920928725492,0,3,7,1,48.22434436073891
2023-01-10 08:00:00,South,42,51.934699329577946,0,2,8,1,52.24783706163076
2023-01-10 09:00:00,South,62,27.54449070839893,2,2,9,1,36.40965651150079
2023-01-10 10:00:00,North,31,27.96287922915664,0,1,10,1,34.47820011688074
2023-01-10 11:00:00,South,30,28.612541722363574,0,2,11,1,35.825358202793
2023-01-10 12:00:00,North,79,76.3891875156105,0,1,12,1,68.39872629682299
2023-01-10 13:00:00,North,79,63.97393510048051,0,1,13,1,62.617294227607644
2023-01-10 14:00:00,South,13,29.742913679739253,0,2,14,1,36.08448370173766
2023-01-10 15:00:00,West,84,31.300945025936088,0,3,15,1,38.52395623045607
2023-01-10 16:00:00,West,71,63.84976849225258,0,3,16,1,52.95311311814792
2023-01-10 17:00:00,West,71,29.36983068753044,0,3,17,1,36.77971509448338
2023-01-10 18:00:00,West,33,34.073677600089724,0,3,18,1,43.48343152476413
2023-01-10 19:00:00,West,64,77.80080996922393,1,3,19,1,44.29248373456795
2023-01-10 20:00:00,South,18,35.31839148370591,0,2,20,1,40.16851424940054
2023-01-10 21:00:00,South,12,59.69794102226881,1,2,21,1,52.51212593139175
2023-01-10 22:00:00,East,40,78.71787724403183,0,0,22,1,64.92589167911271
2023-01-10 23:00:00,West,49,42.45780602838756,0,3,23,1,43.38373787763897
2023-01-11 00:00:00,South,45,21.05095945172373,0,2,0,2,31.46038795124644
2023-01-11 01:00:00,East,33,34.64883742534246,0,0,1,2,40.6841620260972
2023-01-11 02:00:00,West,15,69.85263148050232,0,3,2,2,65.32795774730272
2023-01-11 03:00:00,North,75,71.8765301573022,1,1,3,2,61.633051711209625
2023-01-11 04:00:00,East,93,66.11116187142747,0,0,4,2,65.39540973623635
2023-01-11 05:00:00,South,84,26.78658914459438,0,2,5,2,41.03943356170203
2023-01-11 06:00:00,North,13,67.7306223017842,0,1,6,2,61.291284027586926
2023-01-11 07:00:00,North,88,75.12066781961025,0,1,7,2,54.514982022283135
2023-01-11 08:00:00,North,15,56.03657255277417,0,1,8,2,54.18195585216677
2023-01-11 09:00:00,East,60,76.45252138028388,0,0,9,2,64.93748632684725
2023-01-11 10:00:00,South,71,69.61033302271264,0,2,10,2,66.57867498445921
2023-01-11 11:00:00,North,66,60.01829101945444,1,1,11,2,54.38962822666783
2023-01-11 12:00:00,West,75,54.631114202704886,0,3,12,2,50.8257106018716
2023-01-11 13:00:00,North,88,40.91442003451823,0,1,13,2,44.16674438027215
2023-01-11 14:00:00,North,84,29.557246714568308,1,1,14,2,43.09837658065353
2023-01-11 15:00:00,East,17,56.29723536143245,1,0,15,2,59.29931061604229
2023-01-11 16:00:00,East,35,39.08669321708717,0,0,16,2,57.421929594631585
2023-01-11 17:00:00,South,60,71.98632005165872,0,2,17,2,66.52729139758335
2023-01-11 18:00:00,West,54,79.6002162415177,1,3,18,2,70.99320325000842
2023-01-11 19:00:00,East,53,65.14566575693435,0,0,19,2,47.53229398672628
2023-01-11 20:00:00,North,14,25.428901717223045,0,1,20,2,44.37046481245059
2023-01-11 21:00:00,South,79,37.32113573183828,0,2,21,2,49.120047728567705
2023-01-11 22:00:00,North,35,26.546577905944982,1,1,22,2,40.488852543166644
2023-01-11 23:00:00,North,77,59.03069886750295,1,1,23,2,55.809796178332206
2023-01-12 00:00:00,East,28,65.91145187334709,0,0,0,3,58.648761971589245
2023-01-12 01:00:00,South,93,75.54048985284271,0,2,1,3,53.13740167909106
2023-01-12 02:00:00,West,29,46.29034078471926,0,3,2,3,50.96396953600761
2023-01-12 03:00:00,West,21,74.08253897530665,0,3,3,3,67.50296612371248
2023-01-12 04:00:00,East,56,72.67346954247965,0,0,4,3,62.87626764169976
2023-01-12 05:00:00,East,10,39.03174300592392,0,0,5,3,42.04525722740851
2023-01-12 06:00:00,South,99,72.13403753243426,1,2,6,3,67.43679097721609
2023-01-12 07:00:00,West,23,42.54033511290359,0,3,7,3,49.682884497039915
2023-01-12 08:00:00,West,73,37.812156473616845,1,3,8,3,36.529308663723924
2023-01-12 09:00:00,West,47,58.94447952766358,0,3,9,3,55.05146890760849
2023-01-12 10:00:00,North,46,39.70287367310486,0,1,10,3,45.309774801349064
2023-01-12 11:00:00,West,20,57.81252489974865,0,3,11,3,46.43351325251358
2023-01-12 12:00:00,North,86,56.58990832992167,0,1,12,3,51.79721520713501
2023-01-12 13:00:00,South,12,53.80633564090753,0,2,13,3,43.226073955740056
2023-01-12 14:00:00,North,42,42.82518225396786,0,1,14,3,46.890510543454795
2023-01-12 15:00:00,South,15,52.90998329908861,0,2,15,3,52.24785983260215
2023-01-12 16:00:00,West,59,55.7891284991253,0,3,16,3,49.89128751583974
2023-01-12 17:00:00,West,19,52.74121330972841,0,3,17,3,48.044904934764425
2023-01-12 18:00:00,South,14,46.66516716507209,0,2,18,3,47.68952413228327
2023-01-12 19:00:00,East,32,20.880023422775828,0,0,19,3,31.396738399200764
2023-01-12 20:00:00,South,19,55.223702462069056,0,2,20,3,50.74332138490658
2023-01-12 21:00:00,East,53,30.10666310856318,0,0,21,3,35.679166399020005
2023-01-12 22:00:00,North,11,58.554558136831375,1,1,22,3,56.62663524690878
2023-01-12 23:00:00,North,22,65.56065967537197,0,1,23,3,58.38866378294293
2023-01-13 00:00:00,North,49,50.02671854784449,1,1,0,4,49.81677300470979
2023-01-13 01:00:00,West,11,52.5418198987843,0,3,1,4,56.72256136919404
2023-01-13 02:00:00,North,93,77.08871357995946,0,1,2,4,69.47832590168687
2023-01-13 03:00:00,East,74,70.83004168235445,0,0,3,4,65.3814528049233
2023-01-13 04:00:00,North,72,74.85419095708819,0,1,4,4,59.07135506613712
2023-01-13 05:00:00,South,82,68.82597729917518,0,2,5,4,62.42606941903529
2023-01-13 06:00:00,South,26,26.53510051080389,1,2,6,4,54.50068289900915
2023-01-13 07:00:00,West,18,28.93951135821168,0,3,7,4,38.666213055197034
2023-01-13 08:00:00,South,84,51.59742783613758,0,2,8,4,34.8639322274655
2023-01-13 09:00:00,East,24,34.7641795278799,0,0,9,4,45.988914242814744
2023-01-13 10:00:00,North,33,48.60172850246955,0,1,10,4,48.81006756667217
2023-01-13 11:00:00,West,47,43.66191942910101,0,3,11,4,47.133063215922164
2023-01-13 12:00:00,North,44,52.9648543058272,1,1,12,4,53.15024804629108
2023-01-13 13:00:00,North,58,64.81254296814936,0,1,13,4,59.404039811006676
2023-01-13 14:00:00,East,78,62.92945442595647,0,0,14,4,58.140596382347184
2023-01-13 15:00:00,South,71,51.27404794912006,0,2,15,4,52.536533490118025
2023-01-13 16:00:00,South,69,69.34360512902349,0,2,16,4,62.185186516757575
2023-01-13 17:00:00,North,59,45.851725492282,0,1,17,4,49.15014364153146
2023-01-13 18:00:00,West,87,73.80285739040734,0,3,18,4,68.54376673204422
2023-01-13 19:00:00,South,84,24.276816203309835,0,2,19,4,45.74443891499943
2023-01-13 20:00:00,West,18,77.27960180199844,1,3,20,4,66.15291514182434
2023-01-13 21:00:00,South,43,59.28158488588089,1,2,21,4,45.67105056635971
2023-01-13 22:00:00,West,85,42.80447053623232,0,3,22,4,66.3681345103467
2023-01-13 23:00:00,East,44,31.82924759437264,0,0,23,4,35.63034172112708
2023-01-14 00:00:00,West,10,48.75099376661599,0,3,0,5,49.38828654866434
2023-01-14 01:00:00,East,49,31.673499391118057,0,0,1,5,37.57834071234716
2023-01-14 02:00:00,East,73,29.979896464588528,0,0,2,5,66.42971574470398
2023-01-14 03:00:00,West,31,57.04110544477845,0,3,3,5,54.90058103588114
2023-01-14 04:00:00,East,69,51.38508347490708,0,0,4,5,51.68603538579689
2023-01-14 05:00:00,North,73,60.2057620766565,0,1,5,5,58.1199394205306
2023-01-14 06:00:00,East,81,75.77635264531935,1,0,6,5,51.49207568176815
2023-01-14 07:00:00,South,20,51.93561280034241,0,2,7,5,46.96671265887334
2023-01-14 08:00:00,West,23,54.855923195767865,0,3,8,5,54.651153507994486
2023-01-14 09:00:00,North,69,25.37758034929653,1,1,9,5,35.96101199943838
2023-01-14 10:00:00,West,39,63.05814715451777,0,3,10,5,55.758916193574116
2023-01-14 11:00:00,South,44,43.99431240824937,0,2,11,5,49.42428946880218
2023-01-14 12:00:00,South,94,78.60351431975474,0,2,12,5,70.07962643150319
2023-01-14 13:00:00,South,46,69.39044093573962,0,2,13,5,62.293962131025374
2023-01-14 14:00:00,East,14,51.3488624309671,0,0,14,5,49.007003841636134
2023-01-14 15:00:00,East,92,27.393359250329965,0,0,15,5,52.43696179398076
2023-01-14 16:00:00,West,87,71.56494759683534,0,3,16,5,55.485158173919714
2023-01-14 17:00:00,West,35,67.9868657254413,0,3,17,5,61.981479464605506
2023-01-14 18:00:00,North,71,31.07510777222198,1,1,18,5,36.08569519899019
2023-01-14 19:00:00,North,13,37.716697353218606,0,1,19,5,40.53810496307961
2023-01-14 20:00:00,West,98,67.60443548887024,0,3,20,5,58.94110220124298
2023-01-14 21:00:00,East,51,31.11370679284458,1,0,21,5,36.02214413821082
2023-01-14 22:00:00,South,98,75.06514935028264,1,2,22,5,65.63906836810153
2023-01-14 23:00:00,West,27,45.47164551178172,0,3,23,5,40.81363965761006
2023-01-15 00:00:00,North,49,25.22233775525952,0,1,0,6,32.450284931248696
2023-01-15 01:00:00,East,81,68.94491861025685,1,0,1,6,65.38577190244254
2023-01-15 02:00:00,West,48,42.41058098230326,2,3,2,6,39.873125862489914
2023-01-15 03:00:00,West,23,51.58995164922686,0,3,3,6,50.98534932302744
2023-01-15 04:00:00,East,41,26.73826066467315,1,0,4,6,34.921038751050425
2023-01-15 05:00:00,West,60,20.155040890698945,0,3,5,6,26.37005441988123
2023-01-15 06:00:00,East,47,58.27911234759786,0,0,6,6,52.333601172102
2023-01-15 07:00:00,South,32,50.910510220023895,0,2,7,6,44.17144534535136
2023-01-15 08:00:00,East,72,55.61231414738883,1,0,8,6,48.18325249197447
2023-01-15 09:00:00,East,24,67.62463102283098,0,0,9,6,63.013241835854124
2023-01-15 10:00:00,East,34,58.79635480537161,0,0,10,6,57.64054619699465
2023-01-15 11:00:00,West,26,30.486406569642632,0,3,11,6,39.78029145547085
2023-01-15 12:00:00,West,75,41.64635114663599,1,3,12,6,40.93162426936887
2023-01-15 13:00:00,East,87,74.35346628726562,0,0,13,6,66.16947014267231
2023-01-15 14:00:00,West,62,66.19668201510073,0,3,14,6,57.46014969122894
2023-01-15 15:00:00,North,60,53.39822347620304,0,1,15,6,48.96098090479369
2023-01-15 16:00:00,North,48,35.33869986855634,1,1,16,6,40.02160912261748
2023-01-15 17:00:00,West,60,38.1236301100877,0,3,17,6,45.571800322102945
2023-01-15 18:00:00,West,79,63.91748405513808,0,3,18,6,58.16705584723381
2023-01-15 19:00:00,East,15,71.07045565116624,1,0,19,6,45.44847717330088
2023-01-15 20:00:00,South,76,60.28548017183687,0,2,20,6,56.140207145780316
2023-01-15 21:00:00,West,16,68.5717985461065,0,3,21,6,66.78949378554904
2023-01-15 22:00:00,North,60,65.99936811202436,1,1,22,6,55.42384898375747
2023-01-15 23:00:00,East,81,28.982238077417463,0,0,23,6,36.39145896262593
2023-01-16 00:00:00,West,51,45.43668877479812,0,3,0,0,47.99018762947257
2023-01-16 01:00:00,North,73,29.17902804971376,0,1,1,0,53.34710142222502
2023-01-16 02:00:00,North,24,34.114135088119085,0,1,2,0,43.9415499710965
2023-01-16 03:00:00,South,38,72.15557747906315,1,2,3,0,46.56589361411122
2023-01-16 04:00:00,East,42,48.373517937990925,0,0,4,0,50.462153396778476
2023-01-16 05:00:00,East,36,52.12148611055965,0,0,5,0,47.85440769168996
2023-01-16 06:00:00,South,45,30.706757913666326,0,2,6,0,35.627810348707754
2023-01-16 07:00:00,South,38,38.73630716292776,0,2,7,0,38.54434418356172
2023-01-16 08:00:00,East,47,33.8147701056722,1,0,8,0,36.36383515893346
2023-01-16 09:00:00,East,66,32.371169871105586,0,0,9,0,37.98983289341604
2023-01-16 10:00:00,West,36,58.27764759895821,0,3,10,0,42.797990073031286
2023-01-16 11:00:00,West,64,35.413030858742886,0,3,11,0,44.741981593684635
2023-01-16 12:00:00,South,42,57.92092916122511,0,2,12,0,54.658308106423604
2023-01-16 13:00:00,West,77,23.50727684651324,0,3,13,0,33.572994808059185
2023-01-16 14:00:00,North,95,28.50646361162611,1,1,14,0,35.349863014029836
2023-01-16 15:00:00,West,75,36.47241524000752,0,3,15,0,42.00204405767758
2023-01-16 16:00:00,West,19,55.8228150137415,1,3,16,0,51.48931340760684
2023-01-16 17:00:00,North,14,60.55047470524256,0,1,17,0,47.23483041129728
2023-01-16 18:00:00,South,83,46.56301800677163,0,2,18,0,43.92904388966421
2023-01-16 19:00:00,North,47,46.74745487463374,0,1,19,0,42.49238939806742
2023-01-16 20:00:00,West,22,63.47101108391709,0,3,20,0,59.8856131852207
2023-01-16 21:00:00,South,40,20.949265505934942,0,2,21,0,31.02227554113124
2023-01-16 22:00:00,West,56,40.46540146845324,0,3,22,0,50.97953483043876
2023-01-16 23:00:00,North,97,69.12242342715396,1,1,23,0,63.0960135092605
2023-01-17 00:00:00,North,61,56.193164612802335,0,1,0,1,50.747592847117595
2023-01-17 01:00:00,West,65,40.233627965325226,0,3,1,1,43.72363487862601
2023-01-17 02:00:00,East,24,74.33148753978043,0,0,2,1,60.877523840922215
2023-01-17 03:00:00,East,38,66.35736364696295,0,0,3,1,60.49162175713403
2023-01-17 04:00:00,North,17,35.893726834204,1,1,4,1,39.325033936444605
2023-01-17 05:00:00,North,14,58.717390251543016,0,1,5,1,54.43978009422738
2023-01-17 06:00:00,East,38,55.7450436913374,1,0,6,1,52.97330876680465
2023-01-17 07:00:00,East,56,44.071274842338966,0,0,7,1,47.85593504634166
2023-01-17 08:00:00,West,77,42.01736475228804,0,3,8,1,43.18224050329279
2023-01-17 09:00:00,West,85,40.61362848654224,1,3,9,1,39.623354715508164
2023-01-17 10:00:00,East,54,57.029347003738806,0,0,10,1,56.532815676093115
2023-01-17 11:00:00,West,11,46.544596188840174,1,3,11,1,47.583603269187144
2023-01-17 12:00:00,West,36,69.91178679508532,0,3,12,1,60.37601413706027
2023-01-17 13:00:00,South,45,60.17615696803772,0,2,13,1,58.951651437798226
2023-01-17 14:00:00,West,45,24.195896342566048,0,3,14,1,36.3425757618071
2023-01-17 15:00:00,North,35,58.410093429689965,0,1,15,1,58.473660977964684
2023-01-17 16:00:00,West,52,36.26884619001109,0,3,16,1,42.33041457366566
2023-01-17 17:00:00,West,36,55.56871949920536,0,3,17,1,52.89405087356867
2023-01-17 18:00:00,East,78,60.80791586620708,1,0,18,1,54.52695203949797
2023-01-17 19:00:00,North,29,33.84975134924073,0,1,19,1,38.71151467733654
2023-01-17 20:00:00,West,20,47.41151869282212,0,3,20,1,48.861030072474215
2023-01-17 21:00:00,West,83,31.419491769144063,0,3,21,1,35.092438357953895
2023-01-17 22:00:00,South,47,23.1403325471905,0,2,22,1,27.819291419694753
2023-01-17 23:00:00,West,15,42.70858540915214,0,3,23,1,45.11960693253158
2023-01-18 00:00:00,West,81,41.77665631075952,0,3,0,2,49.994537654184725
2023-01-18 01:00:00,South,32,79.72882944225543,0,2,1,2,69.11377636738746
2023-01-18 02:00:00,East,56,46.78114107185853,0,0,2,2,51.79422086884184
2023-01-18 03:00:00,West,99,40.014172968332026,0,3,3,2,67.4203478396747
2023-01-18 04:00:00,South,55,54.82850040300048,0,2,4,2,51.6939617957379
2023-01-18 05:00:00,North,21,25.326043646466108,0,1,5,2,35.800503033826764
2023-01-18 06:00:00,East,99,77.6999441572888,0,0,6,2,75.57388427647113
2023-01-18 07:00:00,North,22,58.09760273546199,0,1,7,2,50.84079863406556
2023-01-18 08:00:00,North,71,65.29026919645086,0,1,8,2,65.03531480011493
2023-01-18 09:00:00,South,91,30.22867629043505,1,2,9,2,37.185083482580474
2023-01-18 10:00:00,West,98,44.56867118031224,0,3,10,2,51.21491981189476
2023-01-18 11:00:00,South,69,45.36134680377137,1,2,11,2,48.10883373601263
2023-01-18 12:00:00,South,52,69.30838663406522,0,2,12,2,51.128028619518936
2023-01-18 13:00:00,South,85,20.074200785564567,0,2,13,2,31.071402134672223
2023-01-18 14:00:00,South,77,38.0511865011953,0,2,14,2,42.72228615918461
2023-01-18 15:00:00,East,14,78.87418246065823,1,0,15,2,70.55411815975664
2023-01-18 16:00:00,West,46,48.49319261037312,1,3,16,2,50.68249341466335
2023-01-18 17:00:00,North,81,42.9515768146405,0,1,17,2,53.74653345318077
2023-01-18 18:00:00,North,40,27.189740121058783,0,1,18,2,33.89676303274256
2023-01-18 19:00:00,West,18,78.44987771768093,0,3,19,2,69.83099983729967
2023-01-18 20:00:00,North,60,21.201581355549468,0,1,20,2,36.72619307620753
2023-01-18 21:00:00,West,38,64.23081350043458,1,3,21,2,56.09313555565411
2023-01-18 22:00:00,North,87,66.1159882873105,0,1,22,2,62.45032311456936
2023-01-18 23:00:00,South,49,34.619402963832,0,2,23,2,43.124646240212115
2023-01-19 00:00:00,North,50,60.29350661678224,0,1,0,3,46.82649493790568
2023-01-19 01:00:00,West,95,25.575748662763395,0,3,1,3,35.02284061452098
2023-01-19 02:00:00,West,20,35.42283598592479,0,3,2,3,43.802684689447496
2023-01-19 03:00:00,West,32,67.27411929753589,0,3,3,3,64.01181598844902
2023-01-19 04:00:00,West,10,71.88117152201241,0,3,4,3,57.021390411019055
2023-01-19 05:00:00,West,55,56.50918475958748,0,3,5,3,57.897237590223504
2023-01-19 06:00:00,East,30,50.41030590922895,1,0,6,3,53.850972723617396
2023-01-19 07:00:00,East,99,29.558241237138816,0,0,7,3,67.24735696625366
2023-01-19 08:00:00,North,45,23.78654198474901,0,1,8,3,33.00970506169126
2023-01-19 09:00:00,West,63,27.05894170841352,1,3,9,3,32.6783257296455
2023-01-19 10:00:00,North,96,33.64143800576593,1,1,10,3,37.22918702768923
2023-01-19 11:00:00,West,66,40.50047011381525,0,3,11,3,41.7228528769046
2023-01-19 12:00:00,West,10,42.85457153065923,0,3,12,3,45.52858429318127
2023-01-19 13:00:00,East,72,40.77930611534021,1,0,13,3,48.74429166238212
2023-01-19 14:00:00,East,63,34.343319931835936,0,0,14,3,37.03693190767737
2023-01-19 15:00:00,South,64,50.58345480510189,0,2,15,3,48.44791038264839
2023-01-19 16:00:00,East,49,69.5171664939738,0,0,16,3,63.93027704738419
2023-01-19 17:00:00,South,24,36.78221230828875,0,2,17,3,44.41953872377507
2023-01-19 18:00:00,South,30,76.54322114613399,0,2,18,3,65.03503332527822
2023-01-19 19:00:00,South,56,72.40019970343087,1,2,19,3,51.984458538795245
2023-01-19 20:00:00,South,82,29.705852681126576,0,2,20,3,33.341801094222255
2023-01-19 21:00:00,South,62,67.17655740542567,0,2,21,3,60.67141977762945
2023-01-19 22:00:00,North,18,54.475242939066,0,1,22,3,50.18905075048143
2023-01-19 23:00:00,East,83,53.99452173028512,0,0,23,3,48.4149832237183
2023-01-20 00:00:00,South,61,43.46256578349046,0,2,0,4,44.833352293345705
2023-01-20 01:00:00,West,66,50.069179950920585,0,3,1,4,48.211121586456905
2023-01-20 02:00:00,East,35,43.83072664575266,2,0,2,4,44.70473722497205
2023-01-20 03:00:00,East,50,52.38395712559657,1,0,3,4,48.117279224077464
2023-01-20 04:00:00,South,44,57.67700316635815,0,2,4,4,50.73143225148915
2023-01-20 05:00:00,North,72,60.458228384542906,0,1,5,4,57.72372252915774
2023-01-20 06:00:00,South,34,51.94887155356557,0,2,6,4,44.03309728788892
2023-01-20 07:00:00,North,99,63.2853240397239,0,1,7,4,62.222863612476
2023-01-20 08:00:00,West,84,28.476682956530347,1,3,8,4,32.31192214328323
2023-01-20 09:00:00,East,47,32.71894945413431,1,0,9,4,38.719177637887526
2023-01-20 10:00:00,West,11,69.1241002444562,0,3,10,4,58.04415402700943
2023-01-20 11:00:00,North,16,39.351678670784906,1,1,11,4,42.383875587358425
2023-01-20 12:00:00,North,91,21.37362949856721,0,1,12,4,37.69191118635051
2023-01-20 13:00:00,West,43,29.227468980081863,0,3,13,4,39.320156038117155
2023-01-20 14:00:00,North,26,33.41686606977868,0,1,14,4,39.08825812612563
2023-01-20 15:00:00,West,52,77.43937327367523,0,3,15,4,66.80329294152011
2023-01-20 16:00:00,East,68,54.38248573585096,0,0,16,4,54.535943496169594
2023-01-20 17:00:00,West,60,75.96384442857529,0,3,17,4,63.29678926277094
2023-01-20 18:00:00,East,63,54.50980102979749,1,0,18,4,47.61155775447489
2023-01-20 19:00:00,West,33,48.76126640827111,0,3,19,4,50.66519396296731
2023-01-20 20:00:00,North,34,38.82366147164576,0,1,20,4,42.77719617104299
2023-01-20 21:00:00,West,80,56.38225666600253,1,3,21,4,51.94159173581356
2023-01-20 22:00:00,North,61,28.35188147705179,0,1,22,4,34.97690877482832
2023-01-20 23:00:00,West,79,73.89569763756236,0,3,23,4,34.00485052236297
2023-01-21 00:00:00,West,97,69.75994430847703,0,3,0,5,62.52460154500392
2023-01-21 01:00:00,South,42,39.05188687260422,1,2,1,5,44.124145728623205
2023-01-21 02:00:00,North,58,77.16785165607766,0,1,2,5,69.36998010882438
2023-01-21 03:00:00,South,38,69.5120460449341,0,2,3,5,61.157812361977705
2023-01-21 04:00:00,North,72,59.978413150102384,0,1,4,5,59.02674229308501
2023-01-21 05:00:00,South,31,27.305714667516487,2,2,5,5,35.65373509260863
2023-01-21 06:00:00,East,35,48.694041382884336,1,0,6,5,45.62634936919283
2023-01-21 07:00:00,West,37,50.366453290805055,0,3,7,5,49.09735198483591
2023-01-21 08:00:00,North,94,33.95308150192281,0,1,8,5,44.193069422172385
2023-01-21 09:00:00,North,58,24.79792366155812,0,1,9,5,32.37740847716138
2023-01-21 10:00:00,West,80,66.60341782830156,0,3,10,5,61.45132933444801
2023-01-21 11:00:00,North,90,27.322103127463706,1,1,11,5,34.88907160045715
2023-01-21 12:00:00,North,93,55.65744503370648,1,1,12,5,53.82700621733375
2023-01-21 13:00:00,South,58,76.18695043301963,1,2,13,5,49.959717744513675
2023-01-21 14:00:00,North,29,72.56631155588255,0,1,14,5,53.099428273933775
2023-01-21 15:00:00,East,95,36.66515742495567,0,0,15,5,45.532055510088966
2023-01-21 16:00:00,East,72,71.08691825307592,0,0,16,5,54.801766180526386
2023-01-21 17:00:00,West,70,20.019950367229363,0,3,17,5,31.40424526164612
2023-01-21 18:00:00,North,58,21.061268576795435,0,1,18,5,29.62895440659358
2023-01-21 19:00:00,West,80,56.1531898305719,0,3,19,5,46.415750328836005
2023-01-21 20:00:00,East,10,41.887893148671765,0,0,20,5,45.133451978525855
2023-01-21 21:00:00,North,22,43.18765046954883,0,1,21,5,46.25957203348702
2023-01-21 22:00:00,North,96,53.86646544073295,0,1,22,5,55.94671297104365
2023-01-21 23:00:00,West,60,31.50694733551164,0,3,23,5,39.102039186252256
2023-01-22 00:00:00,East,65,32.705321039928705,0,0,0,6,39.619818163411935
2023-01-22 01:00:00,North,92,49.07609522113188,1,1,1,6,52.3920587951692
2023-01-22 02:00:00,West,71,65.25521266063178,1,3,2,6,57.09844497443552
2023-01-22 03:00:00,East,41,57.16986508445526,2,0,3,6,47.55041063050915
2023-01-22 04:00:00,West,39,37.84130289421033,0,3,4,6,43.1180046088823
2023-01-22 05:00:00,South,38,45.82023065053527,0,2,5,6,50.67496337505492
2023-01-22 06:00:00,North,58,30.239885512999905,0,1,6,6,37.99683887593068
2023-01-22 07:00:00,South,54,24.477788860224905,0,2,7,6,34.97572396432692
2023-01-22 08:00:00,East,39,66.96176244464895,0,0,8,6,63.05108079654367
2023-01-22 09:00:00,South,25,35.923244551291674,0,2,9,6,53.2704387998577
2023-01-22 10:00:00,South,49,30.665983271074893,0,2,10,6,37.79342536160205
2023-01-22 11:00:00,East,28,61.49708333415916,0,0,11,6,61.105680317968435
2023-01-22 12:00:00,West,27,57.08310045723116,0,3,12,6,52.43024949792931
2023-01-22 13:00:00,South,10,57.99137756080784,1,2,13,6,56.36723974833367
2023-01-22 14:00:00,West,87,33.733676290796815,0,3,14,6,44.55974959637466
2023-01-22 15:00:00,South,56,33.95873231376086,0,2,15,6,42.42864512690121
2023-01-22 16:00:00,West,75,33.24815778713835,1,3,16,6,38.75929678111388
2023-01-22 17:00:00,East,47,30.42515573973767,2,0,17,6,48.299290316214744
2023-01-22 18:00:00,South,60,59.34342035369938,1,2,18,6,46.60502684598185
2023-01-22 19:00:00,East,72,70.88095311496409,0,0,19,6,62.52236068065811
2023-01-22 20:00:00,South,13,63.45904818059967,1,2,20,6,60.77134484696268
2023-01-22 21:00:00,East,10,67.52561802563258,0,0,21,6,60.122427084203245
2023-01-22 22:00:00,East,17,44.28790574511199,0,0,22,6,58.103461070501574
2023-01-22 23:00:00,South,38,59.244547722319886,0,2,23,6,36.69148183318629
2023-01-23 00:00:00,South,64,41.25417442668648,0,2,0,0,51.926512580791396
2023-01-23 01:00:00,South,12,51.5302773181184,0,2,1,0,46.59814629327025
2023-01-23 02:00:00,North,41,48.898090792091736,0,1,2,0,47.52472163577897
2023-01-23 03:00:00,West,19,30.61322870863126,0,3,3,0,38.97916012336458
2023-01-23 04:00:00,North,83,43.224725620137846,1,1,4,0,46.30624723633193
2023-01-23 05:00:00,North,92,77.82933652894107,0,1,5,0,69.67168326682129
2023-01-23 06:00:00,East,43,34.91481546289653,1,0,6,0,48.38081934711739
2023-01-23 07:00:00,South,96,28.02822417676932,0,2,7,0,34.174449726882436
2023-01-23 08:00:00,West,64,45.11483729743612,0,3,8,0,41.540851672285605
2023-01-23 09:00:00,East,41,67.42026415160888,1,0,9,0,57.97490014385192
2023-01-23 10:00:00,North,59,54.928893786798334,0,1,10,0,52.04969698736065
2023-01-23 11:00:00,South,16,60.85848963429467,0,2,11,0,55.12472984072133
2023-01-23 12:00:00,East,17,31.38169089048063,0,0,12,0,31.75834670325778
2023-01-23 13:00:00,South,74,57.13689158046329,0,2,13,0,51.22146826361642
2023-01-23 14:00:00,East,66,39.41002369468843,0,0,14,0,35.050150667970094
2023-01-23 15:00:00,South,76,70.05820195728606,0,2,15,0,49.40599469146828
2023-01-23 16:00:00,North,97,57.75792836064417,0,1,16,0,43.14155867045774
2023-01-23 17:00:00,West,96,31.93137666651776,0,3,17,0,36.18505216556828
2023-01-23 18:00:00,North,68,23.87700079064517,0,1,18,0,35.54414557568023
2023-01-23 19:00:00,West,81,22.557992557221965,1,3,19,0,29.73633948199792
2023-01-23 20:00:00,South,63,42.28451405900845,0,2,20,0,46.672654313965815
2023-01-23 21:00:00,East,76,35.95106819925881,1,0,21,0,40.261191870105094
2023-01-23 22:00:00,North,60,58.76540740775048,0,1,22,0,53.27325689369777
2023-01-23 23:00:00,West,17,49.9600300987171,0,3,23,0,49.38744963418227
2023-01-24 00:00:00,North,43,35.961156680322844,0,1,0,1,40.32083802781835
2023-01-24 01:00:00,West,44,28.954266677010565,1,3,1,1,35.912929779132874
2023-01-24 02:00:00,North,97,27.631985761246973,0,1,2,1,56.65436833955535
2023-01-24 03:00:00,West,87,71.87962352842506,0,3,3,1,67.2664899401495
2023-01-24 04:00:00,West,41,34.60867810429203,0,3,4,1,42.96751803172804
2023-01-24 05:00:00,South,55,59.1026388746581,1,2,5,1,52.52916941019599
2023-01-24 06:00:00,West,25,68.64115567917597,0,3,6,1,62.66609107820051
2023-01-24 07:00:00,South,77,56.84487867108417,0,2,7,1,46.666630745689766
2023-01-24 08:00:00,West,46,71.57391389881676,0,3,8,1,62.29703579561133
2023-01-24 09:00:00,East,63,43.54362329170847,0,0,9,1,46.87481920192489
2023-01-24 10:00:00,East,94,77.3733314389369,0,0,10,1,70.48605136015286
2023-01-24 11:00:00,East,23,27.988700250685817,0,0,11,1,32.98747017285566
2023-01-24 12:00:00,West,64,26.12897177945229,0,3,12,1,33.24955713048786
2023-01-24 13:00:00,South,57,59.521528772446615,0,2,13,1,55.010800518509285
2023-01-24 14:00:00,South,91,76.5698684847957,0,2,14,1,66.85387238905884
2023-01-24 15:00:00,West,16,68.53300769817969,0,3,15,1,61.11819727630202
2023-01-24 16:00:00,East,83,24.58501156628309,1,0,16,1,34.94063637162956
2023-01-24 17:00:00,East,16,36.76206283608298,0,0,17,1,45.75038299964126
2023-01-24 18:00:00,South,42,75.81913309026942,0,2,18,1,41.620972162208936
2023-01-24 19:00:00,East,32,35.18350596804707,0,0,19,1,37.63160915523388
2023-01-24 20:00:00,North,94,66.87022542721516,0,1,20,1,66.03929833004693
2023-01-24 21:00:00,South,28,69.50793175572223,0,2,21,1,60.47051935474323
2023-01-24 22:00:00,East,28,49.727126207658905,0,0,22,1,48.13210096742117
2023-01-24 23:00:00,South,45,43.18093459089893,0,2,23,1,40.97858098618439
2023-01-25 00:00:00,North,38,47.00746594518558,1,1,0,2,44.0175162534025
2023-01-25 01:00:00,South,69,33.61788166192185,0,2,1,2,49.333946960446795
2023-01-25 02:00:00,South,91,73.36345496773066,0,2,2,2,61.077305003301845
2023-01-25 03:00:00,South,11,47.03717940378547,0,2,3,2,52.265153994877934
2023-01-25 04:00:00,South,10,72.94756642736598,0,2,4,2,60.51600640730507
2023-01-25 05:00:00,North,56,26.341608794376445,1,1,5,2,35.265303778657774
2023-01-25 06:00:00,West,78,79.29651626000788,0,3,6,2,69.72670422198378
2023-01-25 07:00:00,South,29,46.596385246617096,0,2,7,2,55.108367378483706
2023-01-25 08:00:00,South,20,22.869849223646327,0,2,8,2,48.3995487027182
2023-01-25 09:00:00,East,11,22.28131089424729,0,0,9,2,38.21980006099846
2023-01-25 10:00:00,South,76,64.77243544891031,0,2,10,2,60.86794213708211
2023-01-25 11:00:00,East,96,59.54213205222084,0,0,11,2,60.909543146614794
2023-01-25 12:00:00,West,21,68.12783348765525,0,3,12,2,62.17741960017479
2023-01-25 13:00:00,North,29,26.32205203716836,0,1,13,2,50.8359580286162
2023-01-25 14:00:00,North,14,22.1342520221329,0,1,14,2,40.85624412121681
2023-01-25 15:00:00,West,46,50.51475736685471,0,3,15,2,49.52921678978615
2023-01-25 16:00:00,North,47,43.25571388896617,0,1,16,2,46.96200620890356
2023-01-25 17:00:00,West,18,47.71681620025734,0,3,17,2,52.001818243768064
2023-01-25 18:00:00,West,62,79.49530453221644,0,3,18,2,73.8759244089573
2023-01-25 19:00:00,West,53,78.24499746024021,0,3,19,2,67.69978268634334
2023-01-25 20:00:00,North,95,76.53892338039157,1,1,20,2,65.27690153800863
2023-01-25 21:00:00,East,33,67.03056060606043,0,0,21,2,61.03107846468042
2023-01-25 22:00:00,West,90,41.29048161541343,0,3,22,2,46.89380065950344
2023-01-25 23:00:00,South,83,44.7278558157663,0,2,23,2,48.66829131252508
2023-01-26 00:00:00,North,39,52.97696262313547,0,1,0,3,49.79355738149716
2023-01-26 01:00:00,West,68,69.8320673842904,0,3,1,3,52.445319758684434
2023-01-26 02:00:00,West,96,24.122769951096068,1,3,2,3,29.274891348568186
2023-01-26 03:00:00,South,90,45.45781315309328,0,2,3,3,47.16061150304855
2023-01-26 04:00:00,East,90,24.95705980755612,0,0,4,3,49.66832918138013
2023-01-26 05:00:00,East,23,50.879455194410696,0,0,5,3,55.02300641180715
2023-01-26 06:00:00,East,18,73.93404944037412,0,0,6,3,59.6732946274924
2023-01-26 07:00:00,West,49,66.94909547383628,0,3,7,3,58.057455445919956
2023-01-26 08:00:00,West,75,33.6705450525866,0,3,8,3,37.00714770701649
2023-01-26 09:00:00,West,34,78.55945097592755,1,3,9,3,65.80492293447027
2023-01-26 10:00:00,North,82,60.0410238827857,0,1,10,3,53.15485430056665
2023-01-26 11:00:00,South,31,20.625661963844184,0,2,11,3,28.241310012408874
2023-01-26 12:00:00,West,13,35.32480908111317,0,3,12,3,41.48585461093558
2023-01-26 13:00:00,South,35,35.642797995195,0,2,13,3,43.09025295828256
2023-01-26 14:00:00,South,67,24.1552583771516,0,2,14,3,34.08887867531115
2023-01-26 15:00:00,East,38,77.58959108455574,0,0,15,3,71.88896547602722
2023-01-26 16:00:00,North,96,48.69531767455543,0,1,16,3,51.34018196414074
2023-01-26 17:00:00,West,46,73.74887584231291,0,3,17,3,52.381784020174116
2023-01-26 18:00:00,East,84,39.3329302066777,0,0,18,3,43.71497480263619
2023-01-26 19:00:00,East,79,27.51401422596963,0,0,19,3,33.61975955449598
2023-01-26 20:00:00,West,27,48.46016659437284,0,3,20,3,49.67298802697239
2023-01-26 21:00:00,South,94,26.837398082859032,0,2,21,3,53.25990005021886
2023-01-26 22:00:00,East,51,49.16093017865239,0,0,22,3,48.65035636150481
2023-01-26 23:00:00,South,50,75.21783087316447,0,2,23,3,65.19690510978974
2023-01-27 00:00:00,North,47,51.246088510052765,0,1,0,4,47.832027632268854
2023-01-27 01:00:00,South,43,56.98998361370501,1,2,1,4,55.89183616372833
2023-01-27 02:00:00,North,26,29.3983062184285,0,1,2,4,49.01906367429617
2023-01-27 03:00:00,South,46,22.624137552798167,0,2,3,4,36.30014534766788
2023-01-27 04:00:00,East,34,26.64847773078842,0,0,4,4,35.26635835319849
2023-01-27 05:00:00,East,85,55.91189454106194,0,0,5,4,52.3778355958715
2023-01-27 06:00:00,North,96,25.70070193953828,1,1,6,4,31.437848135430073
2023-01-27 07:00:00,West,95,42.55957339647868,0,3,7,4,41.928265246604404
2023-01-27 08:00:00,North,94,53.00551642748936,0,1,8,4,51.808913226081486
2023-01-27 09:00:00,North,36,43.31916791779082,0,1,9,4,44.52077211104438
2023-01-27 10:00:00,South,66,29.821028087918087,0,2,10,4,33.14919049809748
2023-01-27 11:00:00,South,40,36.4274784508464,0,2,11,4,54.14195650954482
2023-01-27 12:00:00,North,15,75.69905197091461,0,1,12,4,38.12503823636254
2023-01-27 13:00:00,East,49,60.55893653518133,0,0,13,4,58.089508199670576
2023-01-27 14:00:00,South,21,49.7628703207932,0,2,14,4,48.522150389880935
2023-01-27 15:00:00,West,62,20.76289339921361,0,3,15,4,34.83105751393366
2023-01-27 16:00:00,South,80,79.54492402936822,1,2,16,4,63.82644797034569
2023-01-27 17:00:00,South,19,60.28729609367859,1,2,17,4,59.857709899887766
2023-01-27 18:00:00,West,54,39.0153486406967,1,3,18,4,50.66745618150192
2023-01-27 19:00:00,North,26,72.75611959987029,0,1,19,4,49.87983837300134
2023-01-27 20:00:00,West,35,35.50589721750909,0,3,20,4,53.00376569600243
2023-01-27 21:00:00,North,94,52.64099475096509,0,1,21,4,53.65621533959633
2023-01-27 22:00:00,North,71,58.16424582378951,0,1,22,4,53.355588608195184
2023-01-27 23:00:00,North,55,33.26380228722371,0,1,23,4,37.431560292960185
2023-01-28 00:00:00,West,73,78.70383672803575,0,3,0,5,67.39223425384981
2023-01-28 01:00:00,North,11,64.89151435873985,0,1,1,5,49.60049729433249
2023-01-28 02:00:00,East,63,53.46879353066419,1,0,2,5,49.470915867835714
2023-01-28 03:00:00,West,74,30.83567589051805,1,3,3,5,41.241404840958346
2023-01-28 04:00:00,East,60,23.23149241988157,0,0,4,5,53.72761063910908
2023-01-28 05:00:00,North,62,39.203589951259005,0,1,5,5,43.17892310752907
2023-01-28 06:00:00,South,45,65.19124015480418,0,2,6,5,56.62691369881516
2023-01-28 07:00:00,North,35,36.15987789812151,0,1,7,5,41.51525858503627
2023-01-28 08:00:00,East,38,52.37337322973031,0,0,8,5,60.21833418102032
2023-01-28 09:00:00,East,30,63.67683060384459,0,0,9,5,60.15135391628278
2023-01-28 10:00:00,West,20,26.47662287878786,0,3,10,5,42.65786354838649
2023-01-28 11:00:00,South,49,61.117880966952406,1,2,11,5,54.11142470402742
2023-01-28 12:00:00,West,20,25.512253262602684,1,3,12,5,51.288693079035085
2023-01-28 13:00:00,East,45,77.90778452761978,0,0,13,5,69.9395873182072
2023-01-28 14:00:00,North,68,49.303647803896375,0,1,14,5,51.30048525562711
2023-01-28 15:00:00,South,48,29.040566462592643,0,2,15,5,38.597759669782
2023-01-28 16:00:00,North,63,40.54301816201279,0,1,16,5,42.24931846329881
2023-01-28 17:00:00,North,64,44.80498695771568,0,1,17,5,44.33022111293179
2023-01-28 18:00:00,South,33,65.49110066459224,0,2,18,5,59.249841931099
2023-01-28 19:00:00,West,31,64.60542716459656,0,3,19,5,58.320585113987725
2023-01-28 20:00:00,North,78,56.71643032023986,0,1,20,5,52.773232603484054
2023-01-28 21:00:00,East,65,26.355842753509577,1,0,21,5,32.3402442488501
2023-01-28 22:00:00,North,42,29.09416229526041,0,1,22,5,40.88545968474281
2023-01-28 23:00:00,South,45,25.6254152387334,0,2,23,5,31.09665139188463
2023-01-29 00:00:00,South,29,54.630366997253006,0,2,0,6,51.36494687834715
2023-01-29 01:00:00,South,92,72.62830649068424,0,2,1,6,69.85694552447958
2023-01-29 02:00:00,West,90,46.02803073528631,0,3,2,6,49.99182538682934
2023-01-29 03:00:00,North,71,29.65089043746477,1,1,3,6,41.30330224258137
2023-01-29 04:00:00,West,82,53.48253950893802,2,3,4,6,52.41819057594509
2023-01-29 05:00:00,West,35,68.70513301194259,0,3,5,6,45.20842583279367
2023-01-29 06:00:00,South,75,64.50272369077581,1,2,6,6,39.763999633032334
2023-01-29 07:00:00,South,82,72.8870467805013,0,2,7,6,46.37124420871576
2023-01-29 08:00:00,West,82,36.67412583493207,1,3,8,6,40.08029637983261
2023-01-29 09:00:00,North,49,31.637232036066493,0,1,9,6,34.78779889383895
2023-01-29 10:00:00,East,26,72.78898915651632,0,0,10,6,67.52013847347003
2023-01-29 11:00:00,West,10,59.45361876668139,0,3,11,6,56.21607972276897
2023-01-29 12:00:00,North,98,38.65573580045325,0,1,12,6,46.279282257335815
2023-01-29 13:00:00,South,70,64.54088303435054,0,2,13,6,62.00455073110896
2023-01-29 14:00:00,South,52,68.90710306882207,0,2,14,6,59.33408884831394
2023-01-29 15:00:00,North,51,56.89869442046794,0,1,15,6,52.15856082606855
2023-01-29 16:00:00,East,34,61.273046592794906,0,0,16,6,59.91309818976745
2023-01-29 17:00:00,South,48,42.51559426655998,0,2,17,6,45.89546121570309
2023-01-29 18:00:00,South,44,52.32174004058235,0,2,18,6,51.67553533065703
2023-01-29 19:00:00,South,12,51.44955024356973,0,2,19,6,53.36155094630957
2023-01-29 20:00:00,North,53,70.88286746784631,0,1,20,6,50.35476477595113
2023-01-29 21:00:00,West,60,70.39783881693096,0,3,21,6,63.12592180031927
2023-01-29 22:00:00,South,21,69.96082816082259,0,2,22,6,66.36360146891003
2023-01-29 23:00:00,West,28,20.661896855747948,1,3,23,6,32.23116025057331
2023-01-30 00:00:00,East,53,64.9727290681333,0,0,0,0,60.24638823051223
2023-01-30 01:00:00,South,68,65.5205834066603,0,2,1,0,54.67584926692432
2023-01-30 02:00:00,South,58,60.70272937130851,0,2,2,0,57.85682214306553
2023-01-30 03:00:00,East,70,65.37587947348715,0,0,3,0,58.84751908845563
2023-01-30 04:00:00,South,26,70.51822228980252,0,2,4,0,65.59879364373722
2023-01-30 05:00:00,West,83,48.21914324610714,0,3,5,0,51.23868090638861
2023-01-30 06:00:00,North,66,50.12301280930683,0,1,6,0,45.47316197723799
2023-01-30 07:00:00,West,64,27.48284341468343,0,3,7,0,33.81842027489871
2023-01-30 08:00:00,North,56,43.12255298284171,0,1,8,0,42.146401397435696
2023-01-30 09:00:00,North,21,58.60191079470706,0,1,9,0,52.4908591711157
2023-01-30 10:00:00,West,71,66.82398656883647,0,3,10,0,61.65697661250554
2023-01-30 11:00:00,West,89,33.032545861472634,0,3,11,0,40.201349144134355
2023-01-30 12:00:00,West,97,28.26937394955412,0,3,12,0,35.39952469289834
2023-01-30 13:00:00,West,92,59.782520270029536,0,3,13,0,55.82696347138589
2023-01-30 14:00:00,East,17,20.11279301149464,0,0,14,0,27.067625030836005
2023-01-30 15:00:00,South,30,30.70235505843979,0,2,15,0,38.44413926265576
2023-01-30 16:00:00,North,90,21.744282820637224,0,1,16,0,29.28363272744921
2023-01-30 17:00:00,West,96,30.013107071292254,0,3,17,0,36.18505216556828
2023-01-30 18:00:00,West,89,30.87915679553032,0,3,18,0,43.54930122760302
2023-01-30 19:00:00,West,79,43.26041568502365,0,3,19,0,41.439926685448654
2023-01-30 20:00:00,East,81,44.13962748119336,1,0,20,0,38.180439558996106
2023-01-30 21:00:00,West,34,72.45574823661427,0,3,21,0,62.381871871653466
2023-01-30 22:00:00,West,91,50.60658274992952,0,3,22,0,51.299256034279296
2023-01-30 23:00:00,West,98,63.404285936737175,0,3,23,0,60.31448667333685
2023-01-31 00:00:00,South,21,26.24824147521725,0,2,0,1,37.41825311831175
2023-01-31 01:00:00,East,24,33.52632532782163,0,0,1,1,55.67307592740018
2023-01-31 02:00:00,West,68,62.176606458720606,0,3,2,1,58.245379011544465
2023-01-31 03:00:00,North,35,23.168237628111687,1,1,3,1,31.838707006033047
2023-01-31 04:00:00,North,35,49.19585973462519,1,1,4,1,42.42828086049218
2023-01-31 05:00:00,North,56,55.96213793977603,0,1,5,1,54.1013471103182
2023-01-31 06:00:00,East,41,56.128738643148864,0,0,6,1,55.60594122963413
2023-01-31 07:00:00,East,19,21.37596867608252,0,0,7,1,32.051186834976875
2023-01-31 08:00:00,North,25,39.32648025375113,0,1,8,1,40.581303081212454
2023-01-31 09:00:00,West,80,58.18943906294924,0,3,9,1,55.32366140241693
2023-01-31 10:00:00,East,26,28.93998416895461,0,0,10,1,34.24465355678906
2023-01-31 11:00:00,North,32,61.7249388996832,0,1,11,1,53.1369268615888
2023-01-31 12:00:00,North,35,64.75551252882047,0,1,12,1,61.654207755321046
2023-01-31 13:00:00,West,94,78.91815142676872,1,3,13,1,68.97319504057937
2023-01-31 14:00:00,South,95,32.590519691384564,0,2,14,1,42.33826500185003
2023-01-31 15:00:00,East,16,69.50784005996691,1,0,15,1,63.58187581800595
2023-01-31 16:00:00,West,23,51.217794615119246,0,3,16,1,53.387709900438146
2023-01-31 17:00:00,North,88,42.4077557686504,0,1,17,1,52.94208522173637
2023-01-31 18:00:00,North,16,27.34260543951068,1,1,18,1,37.313767413748
2023-01-31 19:00:00,West,18,64.13033638925225,0,3,19,1,61.10006889195192
2023-01-31 20:00:00,East,57,34.151455948621226,0,0,20,1,44.71835502984352
2023-01-31 21:00:00,South,81,42.28532011238275,0,2,21,1,39.87591789920515
2023-01-31 22:00:00,South,68,23.752533613842107,0,2,22,1,33.507445814459864
2023-01-31 23:00:00,North,96,68.08201494917114,0,1,23,1,67.12006818470815
2023-02-01 00:00:00,East,91,65.9953114382986,0,0,0,2,60.90499692943379
2023-02-01 01:00:00,South,48,64.01694980253875,0,2,1,2,58.51131862965539
2023-02-01 02:00:00,East,27,37.9666106295132,1,0,2,2,41.704290540365825
2023-02-01 03:00:00,East,68,30.40880445595744,0,0,3,2,42.51032924295211
2023-02-01 04:00:00,North,26,58.25319586821379,0,1,4,2,53.721981092522576
2023-02-01 05:00:00,South,23,49.76998304679317,0,2,5,2,52.648125677333134
2023-02-01 06:00:00,West,40,30.69514801427849,1,3,6,2,39.889599265883156
2023-02-01 07:00:00,North,33,61.15467626299182,0,1,7,2,57.57915770689391
2023-02-01 08:00:00,South,69,79.46758590927823,0,2,8,2,73.82596924362225
2023-02-01 09:00:00,South,54,64.83317526452225,0,2,9,2,57.62590278146837
2023-02-01 10:00:00,South,12,64.39918320113671,0,2,10,2,61.403554055951766
2023-02-01 11:00:00,South,46,77.01876517583551,0,2,11,2,70.8139803396199
2023-02-01 12:00:00,South,52,32.176182054494134,0,2,12,2,51.128028619518936
2023-02-01 13:00:00,East,49,53.93299789528642,1,0,13,2,53.89307654667038
2023-02-01 14:00:00,North,99,78.77880290203301,0,1,14,2,71.15889992961623
2023-02-01 15:00:00,East,64,29.917646658210472,0,0,15,2,39.175480336909956
2023-02-01 16:00:00,West,96,62.01511756667126,0,3,16,2,56.2713173520709
2023-02-01 17:00:00,South,48,55.14860875831412,0,2,17,2,47.77142463989145
2023-02-01 18:00:00,North,24,55.18874553132242,0,1,18,2,46.46321543960541
2023-02-01 19:00:00,South,13,61.86023765120451,0,2,19,2,57.8165571695713
2023-02-01 20:00:00,North,95,75.77701537254106,1,1,20,2,65.27690153800863
2023-02-01 21:00:00,East,34,66.95491639108027,0,0,21,2,61.50621859188026
2023-02-01 22:00:00,North,22,23.3681662049726,0,1,22,2,35.695462530739384
2023-02-01 23:00:00,West,91,71.16368119254267,0,3,23,2,53.211343895067245
2023-02-02 00:00:00,West,42,33.53247979554396,0,3,0,3,39.034257572835145
2023-02-02 01:00:00,North,25,42.61484988418232,0,1,1,3,46.917170054208235
2023-02-02 02:00:00,North,51,47.70396881674293,1,1,2,3,48.95169653493371
2023-02-02 03:00:00,North,75,48.85436004518418,1,1,3,3,50.67582071879846
2023-02-02 04:00:00,North,64,46.11082395532141,0,1,4,3,50.33849970614146
2023-02-02 05:00:00,West,51,76.24119765295187,0,3,5,3,68.65046332003806
2023-02-02 06:00:00,South,43,62.36114045984147,1,2,6,3,58.124545597888535
2023-02-02 07:00:00,North,39,57.87023875740238,1,1,7,3,53.27932640896185
2023-02-02 08:00:00,North,22,22.99052166697649,0,1,8,3,34.45935725815399
2023-02-02 09:00:00,West,22,74.23479981562248,0,3,9,3,66.91828129332993
2023-02-02 10:00:00,West,27,74.56341152050376,0,3,10,3,63.59031889825763
2023-02-02 11:00:00,East,41,66.81278380580613,0,0,11,3,64.76660458882782
2023-02-02 12:00:00,North,48,20.421752228817148,0,1,12,3,29.391051963438784
2023-02-02 13:00:00,East,55,23.4368150646574,0,0,13,3,37.96328816798373
2023-02-02 14:00:00,West,38,33.513422136109384,0,3,14,3,37.72485529356756
2023-02-02 15:00:00,West,71,27.880964488694403,0,3,15,3,37.29466990898557
2023-02-02 16:00:00,South,71,43.93016178222376,0,2,16,3,49.158406598332874
2023-02-02 17:00:00,North,66,75.35738348526738,0,1,17,3,64.37195030808155
2023-02-02 18:00:00,East,25,48.3236260518199,0,0,18,3,48.93387491867378
2023-02-02 19:00:00,West,65,20.804157585929936,0,3,19,3,56.71713262519286
2023-02-02 20:00:00,West,19,36.96474137472572,0,3,20,3,43.96421266469628
2023-02-02 21:00:00,East,39,22.67569450237769,0,0,21,3,35.92857174157707
2023-02-02 22:00:00,South,34,22.17725735681013,0,2,22,3,32.37737115757307
2023-02-02 23:00:00,West,93,36.543191185733136,0,3,23,3,45.07561500789802
2023-02-03 00:00:00,North,14,36.536740320736726,0,1,0,4,41.09063581724611
2023-02-03 01:00:00,West,74,67.22759615609624,1,3,1,4,62.61233399532943
2023-02-03 02:00:00,North,58,78.4900791668667,0,1,2,4,72.22410465293243
2023-02-03 03:00:00,East,12,42.2724256333999,0,0,3,4,43.3430114155584
2023-02-03 04:00:00,North,54,45.73321273166232,1,1,4,4,47.04125687953043
2023-02-03 05:00:00,East,23,70.6873661771613,0,0,5,4,61.33174548578311
2023-02-03 06:00:00,North,39,36.0883412057308,1,1,6,4,44.44285637931964
2023-02-03 07:00:00,East,77,29.38290826420688,0,0,7,4,33.71459142088147
2023-02-03 08:00:00,North,27,71.18537740421903,0,1,8,4,47.518457462288126
2023-02-03 09:00:00,South,71,22.79003518640393,1,2,9,4,29.60595948684113
2023-02-03 10:00:00,North,46,57.18196641196494,0,1,10,4,46.71627870835651
2023-02-03 11:00:00,North,34,53.71957084800841,0,1,11,4,48.47345535082932
2023-02-03 12:00:00,South,57,40.75522685010166,0,2,12,4,40.15904765979723
2023-02-03 13:00:00,West,74,38.91137126584154,0,3,13,4,43.07051715983436
2023-02-03 14:00:00,West,62,66.31146357089727,1,3,14,4,58.34575442097827
2023-02-03 15:00:00,North,88,25.18547664575279,0,1,15,4,32.048754129809055
2023-02-03 16:00:00,South,82,34.20705855868312,0,2,16,4,40.38493259729903
2023-02-03 17:00:00,North,24,63.946923910285385,0,1,17,4,57.833044748837494
2023-02-03 18:00:00,East,58,52.899235023585454,0,0,18,4,43.25126535854373
2023-02-03 19:00:00,East,97,27.679292512015184,0,0,19,4,61.470561924029134
2023-02-03 20:00:00,North,77,72.9281368569236,0,1,20,4,57.3301875707698
2023-02-03 21:00:00,West,21,43.60687079381549,0,3,21,4,47.69314280933176
2023-02-03 22:00:00,West,68,69.67210251933037,0,3,22,4,64.59658472156876
2023-02-03 23:00:00,North,46,67.26278093166252,1,1,23,4,54.81380029807457
2023-02-04 00:00:00,North,70,57.46552678830368,1,1,0,5,50.17454965168244
2023-02-04 01:00:00,East,52,49.66886787770558,0,0,1,5,47.628419833562766
2023-02-04 02:00:00,West,79,78.77305042290541,0,3,2,5,69.3757345428117
2023-02-04 03:00:00,North,48,28.697904342789023,1,1,3,5,32.89429962197904
2023-02-04 04:00:00,East,65,63.509343653066885,0,0,4,5,49.70265255246876
2023-02-04 05:00:00,West,72,31.47144208788734,0,3,5,5,41.373889444286306
2023-02-04 06:00:00,South,55,40.2957863199409,0,2,6,5,42.17427946541879
2023-02-04 07:00:00,East,97,38.521924602391714,0,0,7,5,54.45944710293751
2023-02-04 08:00:00,West,20,76.82215926432337,0,3,8,5,62.56611758285145
2023-02-04 09:00:00,West,71,78.04137066729652,0,3,9,5,61.73187312945934
2023-02-04 10:00:00,East,86,30.98092665408363,0,0,10,5,54.00709726452932
2023-02-04 11:00:00,South,34,21.32210961785025,0,2,11,5,30.36974627886655
2023-02-04 12:00:00,East,80,63.200482379786784,0,0,12,5,54.415629745496574
2023-02-04 13:00:00,West,61,45.079396032229056,0,3,13,5,42.07016647970861
2023-02-04 14:00:00,North,13,25.330414705253865,0,1,14,5,31.427086073198197
2023-02-04 15:00:00,North,68,61.02524633462255,1,1,15,5,55.366316268445225
2023-02-04 16:00:00,East,81,52.70633169564198,0,0,16,5,54.372084874128475
2023-02-04 17:00:00,West,29,78.83100932006636,0,3,17,5,70.6393160572894
2023-02-04 18:00:00,North,72,33.64456975168274,0,1,18,5,35.811192352420655
2023-02-04 19:00:00,West,63,44.238672579592894,0,3,19,5,46.53683536903325
2023-02-04 20:00:00,East,83,52.55274820372537,0,0,20,5,49.90648423667352
2023-02-04 21:00:00,North,66,67.50199930720109,0,1,21,5,40.06316012780266
2023-02-04 22:00:00,West,99,52.93031940320353,1,3,22,5,56.795704903368176
2023-02-04 23:00:00,North,50,56.77400965171695,0,1,23,5,51.396479271702134
2023-02-05 00:00:00,East,12,33.568823095396446,0,0,0,6,38.37391247315836
2023-02-05 01:00:00,West,15,70.81512368531358,0,3,1,6,62.2615343258744
2023-02-05 02:00:00,North,14,45.717832818228544,0,1,2,6,45.24544137313929
2023-02-05 03:00:00,East,14,28.45757765130616,0,0,3,6,36.96286469645886
2023-02-05 04:00:00,North,63,59.85127487032504,0,1,4,6,55.45474098029376
2023-02-05 05:00:00,North,56,32.96542719111845,0,1,5,6,44.727065708102
2023-02-05 06:00:00,South,96,25.853750614357985,0,2,6,6,36.619466678257275
2023-02-05 07:00:00,South,58,71.71921450425634,0,2,7,6,53.77664299557191
2023-02-05 08:00:00,East,18,47.60973586930638,0,0,8,6,50.64654314240807
2023-02-05 09:00:00,South,29,64.95702276174659,0,2,9,6,52.71654211378853
2023-02-05 10:00:00,East,70,37.4352535883813,1,0,10,6,42.29852739615084
2023-02-05 11:00:00,South,44,67.21820809505998,0,2,11,6,58.778758628002144
2023-02-05 12:00:00,North,59,26.71615562129182,1,1,12,6,32.874687637882
2023-02-05 13:00:00,East,91,41.35840242769116,0,0,13,6,48.41473387405981
2023-02-05 14:00:00,East,71,78.68370907841171,0,0,14,6,72.6812970813402
2023-02-05 15:00:00,North,26,67.63938298208036,0,1,15,6,62.74383128244046
2023-02-05 16:00:00,East,97,49.83535581888129,0,0,16,6,50.31671569209311
2023-02-05 17:00:00,East,12,40.38664829371311,0,0,17,6,42.91917097198866
2023-02-05 18:00:00,South,41,72.3281420013486,0,2,18,6,58.865658531385435
2023-02-05 19:00:00,East,22,52.69086554507094,0,0,19,6,57.501914017687795
2023-02-05 20:00:00,West,98,65.50550107214667,1,3,20,6,59.45395111683605
2023-02-05 21:00:00,North,82,65.24646081896984,0,1,21,6,60.8610017230947
2023-02-05 22:00:00,South,77,21.07674071410951,1,2,22,6,34.87452177083965
2023-02-05 23:00:00,South,23,27.57522696755681,1,2,23,6,36.55655206901981
2023-02-06 00:00:00,West,20,59.57776198368453,0,3,0,0,56.664143858379596
2023-02-06 01:00:00,North,65,29.697188677152287,0,1,1,0,49.975477913051336
2023-02-06 02:00:00,North,76,35.32960067933628,0,1,2,0,57.36368790754196
2023-02-06 03:00:00,South,38,76.79827725197643,0,2,3,0,50.64277002675066
2023-02-06 04:00:00,East,18,53.61093550249471,1,0,4,0,47.94045944456291
2023-02-06 05:00:00,South,76,65.04377041996082,0,2,5,0,60.619426543631064
2023-02-06 06:00:00,North,34,53.4788443269584,1,1,6,0,50.52820979470384
2023-02-06 07:00:00,West,85,53.15081688696351,0,3,7,0,47.22974305660616
2023-02-06 08:00:00,South,51,25.649114607541875,1,2,8,0,31.516129806025933
2023-02-06 09:00:00,North,18,40.61979155654618,0,1,9,0,44.68411840827081
2023-02-06 10:00:00,South,88,36.945853921190704,1,2,10,0,40.81629021828346
2023-02-06 11:00:00,East,49,43.4437019368168,0,0,11,0,43.09561345069529
2023-02-06 12:00:00,South,34,67.9006512934597,0,2,12,0,55.60456485392271
2023-02-06 13:00:00,South,14,42.31596007501189,0,2,13,0,47.89183419749198
2023-02-06 14:00:00,North,20,47.10180915390096,1,1,14,0,45.93251118605903
2023-02-06 15:00:00,North,68,43.84288342911899,0,1,15,0,38.71025540004926
2023-02-06 16:00:00,North,97,25.60447831851773,0,1,16,0,43.14155867045774
2023-02-06 17:00:00,South,88,46.46432949504703,0,2,17,0,45.50193178806421
2023-02-06 18:00:00,East,47,31.7365563826709,0,0,18,0,35.86267913173902
2023-02-06 19:00:00,West,81,31.20339774638249,1,3,19,0,29.73633948199792
2023-02-06 20:00:00,West,14,25.64216626605598,0,3,20,0,51.64269569880367
2023-02-06 21:00:00,North,57,41.40025844850588,0,1,21,0,42.69676292902614
2023-02-06 22:00:00,North,99,65.44891308736504,0,1,22,0,65.09515708906244
2023-02-06 23:00:00,South,27,36.58650143500377,0,2,23,0,41.134987137758074
2023-02-07 00:00:00,West,79,38.74094611313082,0,3,0,1,42.29838034212603
2023-02-07 01:00:00,North,46,58.56047946034542,0,1,1,1,51.40934584520274
2023-02-07 02:00:00,East,69,31.75044875521513,0,0,2,1,39.737629616443485
2023-02-07 03:00:00,East,57,73.81747582541206,0,0,3,1,65.77349601221597
2023-02-07 04:00:00,North,86,51.21143139509327,0,1,4,1,54.623264978347926
2023-02-07 05:00:00,North,37,46.85617641921301,0,1,5,1,50.41005672258773
2023-02-07 06:00:00,West,78,53.469211515752086,0,3,6,1,56.81084481175465
2023-02-07 07:00:00,West,86,29.96205880497173,1,3,7,1,35.34177729659481
2023-02-07 08:00:00,South,90,56.80838831835058,1,2,8,1,50.725704008276
2023-02-07 09:00:00,West,49,41.78604419804063,0,3,9,1,49.19136945623735
2023-02-07 10:00:00,East,54,73.83118045787714,1,0,10,1,65.51403224812911
2023-02-07 11:00:00,East,71,30.131252400661168,1,0,11,1,52.3329455846474
2023-02-07 12:00:00,North,67,50.42306623192646,0,1,12,1,51.6178077981163
2023-02-07 13:00:00,West,76,55.88675776214108,0,3,13,1,47.44678752678074
2023-02-07 14:00:00,South,65,22.00301610718288,0,2,14,1,43.882084663208865
2023-02-07 15:00:00,East,49,41.82158748536841,0,0,15,1,49.66339708395317
2023-02-07 16:00:00,East,49,63.95811408204997,0,0,16,1,60.94421232440563
2023-02-07 17:00:00,South,86,69.22265044693839,0,2,17,1,57.82344905649953
2023-02-07 18:00:00,South,42,38.78971968903694,0,2,18,1,41.620972162208936
2023-02-07 19:00:00,East,15,67.91559634296507,0,0,19,1,59.56741058384918
2023-02-07 20:00:00,East,97,78.06535262620332,0,0,20,1,71.10196004477318
2023-02-07 21:00:00,South,28,71.41243616450565,1,2,21,1,63.54458277025072
2023-02-07 22:00:00,East,89,27.058639289559512,1,0,22,1,35.66462830039455
2023-02-07 23:00:00,North,49,64.38381992513243,0,1,23,1,59.031278001087166
2023-02-08 00:00:00,North,68,39.18000994643268,0,1,0,2,45.382342653659926
2023-02-08 01:00:00,South,68,79.3049593647246,0,2,1,2,64.44294942870334
2023-02-08 02:00:00,West,57,49.121538989593226,0,3,2,2,56.34289575318173
2023-02-08 03:00:00,South,50,27.34603390153646,0,2,3,2,35.78563912711711
2023-02-08 04:00:00,South,22,63.51113288164345,0,2,4,2,58.52843578114949
2023-02-08 05:00:00,West,54,39.38067190317283,0,3,5,2,58.96382253736122
2023-02-08 06:00:00,West,98,79.8246894248997,0,3,6,2,71.44023408358802
2023-02-08 07:00:00,West,62,78.7869474712713,0,3,7,2,72.18898616840633
2023-02-08 08:00:00,North,51,59.36804108123484,0,1,8,2,56.14282697123103
2023-02-08 09:00:00,East,72,27.789586937103053,0,0,9,2,43.20555531409148
2023-02-08 10:00:00,North,36,61.21165986050174,0,1,10,2,58.229220983685366
2023-02-08 11:00:00,East,47,25.581829187601635,0,0,11,2,36.68936109704583
2023-02-08 12:00:00,North,69,21.761849546143537,0,1,12,2,55.55095205476809
2023-02-08 13:00:00,East,16,69.37750677328916,0,0,13,2,62.190692395210924
2023-02-08 14:00:00,North,14,32.585176861020884,0,1,14,2,40.85624412121681
2023-02-08 15:00:00,West,54,42.74162757314585,0,3,15,2,47.64335229716341
2023-02-08 16:00:00,South,67,78.4074433985704,0,2,16,2,71.9877053263621
2023-02-08 17:00:00,North,40,40.2104301116662,0,1,17,2,39.41827516619562
2023-02-08 18:00:00,East,32,37.78938687699892,0,0,18,2,39.573521045662424
2023-02-08 19:00:00,West,51,75.09247997736651,0,3,19,2,68.88679357987606
2023-02-08 20:00:00,North,19,26.644906719137488,0,1,20,2,32.27082572371294
2023-02-08 21:00:00,North,41,65.5749446068779,0,1,21,2,57.71821557413838
2023-02-08 22:00:00,West,62,79.28393399916644,0,3,22,2,69.12586345816246
2023-02-08 23:00:00,North,39,74.07776064647894,1,1,23,2,60.963451735917886
2023-02-09 00:00:00,South,48,59.100075122385554,0,2,0,3,44.0504047495788
2023-02-09 01:00:00,North,40,38.84364769956392,0,1,1,3,43.709116568143784
2023-02-09 02:00:00,South,91,35.259318870699005,0,2,2,3,56.43177427962169
2023-02-09 03:00:00,South,11,69.15530629228766,0,2,3,3,62.400971357114116
2023-02-09 04:00:00,West,87,72.78931483710173,0,3,4,3,65.29469108709877
2023-02-09 05:00:00,North,86,51.52609475274157,0,1,5,3,49.575334058548414
2023-02-09 06:00:00,West,21,34.66039644718797,0,3,6,3,62.058354708562554
2023-02-09 07:00:00,North,48,26.77659250467041,0,1,7,3,31.43884983369987
2023-02-09 08:00:00,North,75,25.23076806990987,1,1,8,3,31.580253504096728
2023-02-09 09:00:00,East,22,63.144646841231335,0,0,9,3,55.454119462951354
2023-02-09 10:00:00,North,55,45.207123670863496,0,1,10,3,42.70083953645223
2023-02-09 11:00:00,West,36,74.32159245667222,0,3,11,3,48.22894943590719
2023-02-09 12:00:00,South,26,64.38027804360581,0,2,12,3,40.252490040074406
2023-02-09 13:00:00,North,69,31.475625074875204,0,1,13,3,42.69076296814362
2023-02-09 14:00:00,East,73,56.82664512894194,0,0,14,3,53.86712987981777
2023-02-09 15:00:00,West,97,46.13032726388956,0,3,15,3,50.024442806947924
2023-02-09 16:00:00,North,44,54.63498384611678,1,1,16,3,54.53754654140663
2023-02-09 17:00:00,West,79,64.28414740031103,0,3,17,3,54.930959278573766
2023-02-09 18:00:00,East,92,68.37175286022745,0,0,18,3,65.07558563162193
2023-02-09 19:00:00,East,39,70.62423958440345,0,0,19,3,60.64533592789433
2023-02-09 20:00:00,West,80,35.23849247432148,0,3,20,3,40.52821774784415
2023-02-09 21:00:00,North,83,21.866935995041462,0,1,21,3,32.97858599877702
2023-02-09 22:00:00,South,72,64.35768410988639,0,2,22,3,57.658754230510155
2023-02-09 23:00:00,East,37,26.38062357534648,1,0,23,3,50.033440992985234
2023-02-10 00:00:00,North,69,38.89517531677806,0,1,0,4,43.54242907590625
2023-02-10 01:00:00,North,88,20.22902804746083,0,1,1,4,29.639224410208097
2023-02-10 02:00:00,South,46,60.9001689440972,1,2,2,4,56.73260708566565
2023-02-10 03:00:00,East,31,30.02792068827328,0,0,3,4,38.62162389255812
2023-02-10 04:00:00,East,77,59.31694458149949,1,0,4,4,56.5619866115242
2023-02-10 05:00:00,North,29,79.50455703007033,1,1,5,4,67.49971184452338
2023-02-10 06:00:00,North,77,24.360252296600976,0,1,6,4,33.7205686997435
2023-02-10 07:00:00,South,73,24.62468071708764,0,2,7,4,32.97966575592923
2023-02-10 08:00:00,South,26,40.4228055600005,0,2,8,4,42.87834516488626
2023-02-10 09:00:00,East,21,71.98319085508052,0,0,9,4,65.18818677304425
2023-02-10 10:00:00,West,31,32.93179212747991,0,3,10,4,38.49004650388636
2023-02-10 11:00:00,East,26,41.622669195820855,0,0,11,4,45.229266961689625
2023-02-10 12:00:00,North,19,24.110324397618776,0,1,12,4,30.656005727178012
2023-02-10 13:00:00,East,74,65.78931747553335,1,0,13,4,54.240497637421925
2023-02-10 14:00:00,West,31,44.49838056556707,0,3,14,4,42.121060734905335
2023-02-10 15:00:00,South,99,65.55492398365057,1,2,15,4,62.792706795394366
2023-02-10 16:00:00,West,91,74.21647066080772,0,3,16,4,62.942785616549926
2023-02-10 17:00:00,West,59,33.96578882607733,0,3,17,4,59.7026774194851
2023-02-10 18:00:00,West,23,68.44376182039707,0,3,18,4,52.2801381724839
2023-02-10 19:00:00,South,73,23.545633404695195,0,2,19,4,34.424847536406325
2023-02-10 20:00:00,West,56,73.93084329081483,0,3,20,4,68.94574727875583
2023-02-10 21:00:00,West,38,59.04611285352484,0,3,21,4,55.49319329181762
2023-02-10 22:00:00,West,85,72.4536034483011,0,3,22,4,66.3681345103467
2023-02-10 23:00:00,North,45,20.01130397339492,0,1,23,4,31.773837972690206
2023-02-11 00:00:00,West,61,30.14486422135955,0,3,0,5,35.8283406766794
2023-02-11 01:00:00,South,85,43.38556324558952,0,2,1,5,45.50897214387439
2023-02-11 02:00:00,West,16,42.77017420248312,1,3,2,5,51.89281460727774
2023-02-11 03:00:00,West,38,33.60382297541064,2,3,3,5,37.846913666513004
2023-02-11 04:00:00,South,20,42.896716392032005,0,2,4,5,45.417222794524896
2023-02-11 05:00:00,West,42,27.73092272001529,0,3,5,5,61.92338830121299
2023-02-11 06:00:00,South,15,44.76566775596156,0,2,6,5,45.44793953326071
2023-02-11 07:00:00,West,88,68.14125974955584,0,3,7,5,63.893541358203876
2023-02-11 08:00:00,South,41,48.74420378620107,0,2,8,5,51.481294220417816
2023-02-11 09:00:00,West,60,21.0800053367129,0,3,9,5,30.599655126983507
2023-02-11 10:00:00,West,84,45.28664249475485,2,3,10,5,43.21864976081342
2023-02-11 11:00:00,North,67,21.63050096545065,0,1,11,5,42.61796561215363
2023-02-11 12:00:00,North,96,77.97460464240788,0,1,12,5,66.88640776810847
2023-02-11 13:00:00,West,35,27.647237565372137,0,3,13,5,37.68433869757153
2023-02-11 14:00:00,West,55,62.46129957983712,0,3,14,5,49.49578992840695
2023-02-11 15:00:00,East,38,78.36657937352516,0,0,15,5,75.60786308654912
