timestamp,location,vehicle_count,avg_speed,accidents,location_encoded,hour,dayofweek
2023-01-01 00:00:00,East,72,76.65821809746978,1,0,0,6
2023-01-01 01:00:00,West,26,26.131617181623135,2,3,1,6
2023-01-01 02:00:00,North,82,71.25258646769396,0,1,2,6
2023-01-01 03:00:00,East,42,51.62144577271172,0,0,3,6
2023-01-01 04:00:00,East,93,69.5552459479938,0,0,4,6
2023-01-01 05:00:00,West,86,37.90246585939956,0,3,5,6
2023-01-01 06:00:00,North,38,70.39682988034832,0,1,6,6
2023-01-01 07:00:00,North,22,66.36936680100827,0,1,7,6
2023-01-01 08:00:00,East,55,33.803220981886035,0,0,8,6
2023-01-01 09:00:00,South,44,27.880107584562683,0,2,9,6
2023-01-01 10:00:00,East,15,72.08325935193757,0,0,10,6
2023-01-01 11:00:00,East,91,77.79419920640791,0,0,11,6
2023-01-01 12:00:00,East,78,21.87813882485097,0,0,12,6
2023-01-01 13:00:00,East,56,63.876204018421134,0,0,13,6
2023-01-01 14:00:00,West,34,74.57147065686911,1,3,14,6
2023-01-01 15:00:00,North,75,71.44160552554992,0,1,15,6
2023-01-01 16:00:00,West,19,77.87122833621251,0,3,16,6
2023-01-01 17:00:00,West,65,65.60564470628583,0,3,17,6
2023-01-01 18:00:00,West,39,46.53792574285461,0,3,18,6
2023-01-01 19:00:00,East,14,38.71711942970783,1,0,19,6
2023-01-01 20:00:00,South,42,39.244564426287646,0,2,20,6
2023-01-01 21:00:00,North,74,63.465360356847015,0,1,21,6
2023-01-01 22:00:00,South,27,64.75022072185786,1,2,22,6
2023-01-01 23:00:00,West,58,32.02154861292276,0,3,23,6
2023-01-02 00:00:00,West,20,72.08736880943187,1,3,0,0
2023-01-02 01:00:00,South,94,62.895442412134855,0,2,1,0
2023-01-02 02:00:00,South,35,53.76501718060296,0,2,2,0
2023-01-02 03:00:00,South,72,48.29194760615077,0,2,3,0
2023-01-02 04:00:00,West,98,52.593968347397485,0,3,4,0
2023-01-02 05:00:00,West,95,29.554744296755867,0,3,5,0
2023-01-02 06:00:00,North,68,32.22207495657645,0,1,6,0
2023-01-02 07:00:00,North,36,25.469869424371502,0,1,7,0
2023-01-02 08:00:00,West,58,29.21948228966676,0,3,8,0
2023-01-02 09:00:00,South,86,47.22161807631696,0,2,9,0
2023-01-02 10:00:00,South,42,51.821263623695366,0,2,10,0
2023-01-02 11:00:00,North,10,21.07171354869916,0,1,11,0
2023-01-02 12:00:00,West,30,67.80786967184164,1,3,12,0
2023-01-02 13:00:00,North,64,37.65007840060868,1,1,13,0
2023-01-02 14:00:00,North,15,74.71016209759466,0,1,14,0
2023-01-02 15:00:00,East,90,78.05067581682667,0,0,15,0
2023-01-02 16:00:00,East,78,31.12753248059926,1,0,16,0
2023-01-02 17:00:00,East,14,47.72583744593964,0,0,17,0
2023-01-02 18:00:00,South,12,20.073910109985555,0,2,18,0
2023-01-02 19:00:00,West,62,55.89963590734562,0,3,19,0
2023-01-02 20:00:00,West,32,56.438386895760274,0,3,20,0
2023-01-02 21:00:00,West,62,34.85239733620251,1,3,21,0
2023-01-02 22:00:00,West,46,53.50476035499187,0,3,22,0
2023-01-02 23:00:00,East,83,33.532408546624126,0,0,23,0
2023-01-03 00:00:00,South,83,29.6495281446914,0,2,0,1
2023-01-03 01:00:00,South,92,59.09116800813588,0,2,1,1
2023-01-03 02:00:00,East,26,39.555527837124494,0,0,2,1
2023-01-03 03:00:00,South,94,55.41583633313735,0,2,3,1
2023-01-03 04:00:00,East,87,45.99480493829934,1,0,4,1
2023-01-03 05:00:00,West,82,79.06108444417424,0,3,5,1
2023-01-03 06:00:00,East,10,28.974838560053943,0,0,6,1
2023-01-03 07:00:00,West,60,47.87591579814861,1,3,7,1
2023-01-03 08:00:00,West,54,60.82739758155952,0,3,8,1
2023-01-03 09:00:00,North,86,43.73270503279812,1,1,9,1
2023-01-03 10:00:00,East,13,78.48199111224139,0,0,10,1
2023-01-03 11:00:00,North,71,63.3132576756161,0,1,11,1
2023-01-03 12:00:00,East,74,59.41903145386959,1,0,12,1
2023-01-03 13:00:00,East,41,65.42355605667339,0,0,13,1
2023-01-03 14:00:00,North,43,77.15891828232301,0,1,14,1
2023-01-03 15:00:00,North,81,74.4691191790784,0,1,15,1
2023-01-03 16:00:00,East,48,63.45711848758472,0,0,16,1
2023-01-03 17:00:00,South,35,64.94969834607699,0,2,17,1
2023-01-03 18:00:00,West,43,28.755324442108726,0,3,18,1
2023-01-03 19:00:00,North,63,26.16754426955994,0,1,19,1
2023-01-03 20:00:00,West,12,54.254270110649855,0,3,20,1
2023-01-03 21:00:00,South,59,21.1020582164324,0,2,21,1
2023-01-03 22:00:00,South,21,48.94138289309549,1,2,22,1
2023-01-03 23:00:00,South,74,32.62097479513211,1,2,23,1
2023-01-04 00:00:00,North,63,40.76099405869037,0,1,0,2
2023-01-04 01:00:00,South,14,66.54828414757736,0,2,1,2
2023-01-04 02:00:00,North,66,76.47425025394318,0,1,2,2
2023-01-04 03:00:00,South,26,24.34497632878049,0,2,3,2
2023-01-04 04:00:00,West,56,52.05453235858671,0,3,4,2
2023-01-04 05:00:00,West,32,72.952009149176,0,3,5,2
2023-01-04 06:00:00,East,88,24.95051206642528,0,0,6,2
2023-01-04 07:00:00,West,94,69.47084281381004,0,3,7,2
2023-01-04 08:00:00,East,23,41.46808105569628,0,0,8,2
2023-01-04 09:00:00,West,75,39.32568213316012,0,3,9,2
2023-01-04 10:00:00,North,84,78.64798317888715,0,1,10,2
2023-01-04 11:00:00,West,60,32.05154539173765,1,3,11,2
2023-01-04 12:00:00,East,47,61.591636449360855,0,0,12,2
2023-01-04 13:00:00,East,73,69.28644368059199,0,0,13,2
2023-01-04 14:00:00,South,47,22.4710097167563,0,2,14,2
2023-01-04 15:00:00,North,59,60.223127501264734,0,1,15,2
2023-01-04 16:00:00,West,91,77.09299846131961,1,3,16,2
2023-01-04 17:00:00,South,39,27.45319800368356,0,2,17,2
2023-01-04 18:00:00,West,88,73.7732781611023,0,3,18,2
2023-01-04 19:00:00,West,60,55.68659824261616,1,3,19,2
2023-01-04 20:00:00,South,72,56.99627491174844,0,2,20,2
2023-01-04 21:00:00,South,61,56.77665049193636,0,2,21,2
2023-01-04 22:00:00,South,47,37.93015318023883,0,2,22,2
2023-01-04 23:00:00,South,97,76.11210891796759,0,2,23,2
2023-01-05 00:00:00,South,88,76.84102775786232,1,2,0,3
2023-01-05 01:00:00,West,39,57.51827961283687,1,3,1,3
2023-01-05 02:00:00,South,60,67.00536355649689,0,2,2,3
2023-01-05 03:00:00,North,90,56.73547915286948,1,1,3,3
2023-01-05 04:00:00,East,14,49.06390685444244,1,0,4,3
2023-01-05 05:00:00,South,38,59.64920709795504,0,2,5,3
2023-01-05 06:00:00,South,13,53.18008715551751,0,2,6,3
2023-01-05 07:00:00,West,19,55.84855175791581,0,3,7,3
2023-01-05 08:00:00,South,65,67.02995320513172,0,2,8,3
2023-01-05 09:00:00,South,26,48.854229886939095,0,2,9,3
2023-01-05 10:00:00,South,83,22.445246365548364,0,2,10,3
2023-01-05 11:00:00,West,26,29.839968859369836,1,3,11,3
2023-01-05 12:00:00,South,93,46.3164329893723,0,2,12,3
2023-01-05 13:00:00,East,97,63.4895935924435,0,0,13,3
2023-01-05 14:00:00,West,78,55.596718898610725,0,3,14,3
2023-01-05 15:00:00,East,43,59.01765115240723,0,0,15,3
2023-01-05 16:00:00,West,15,48.75673571457724,0,3,16,3
2023-01-05 17:00:00,South,62,56.94452131653457,1,2,17,3
2023-01-05 18:00:00,East,75,39.74104626887973,0,0,18,3
2023-01-05 19:00:00,West,86,48.21095556179991,0,3,19,3
2023-01-05 20:00:00,North,52,64.65674393569734,0,1,20,3
2023-01-05 21:00:00,South,84,72.30996673838726,0,2,21,3
2023-01-05 22:00:00,West,32,46.01932003738334,0,3,22,3
2023-01-05 23:00:00,North,64,22.619699462441677,0,1,23,3
2023-01-06 00:00:00,West,89,29.70035264880816,0,3,0,4
2023-01-06 01:00:00,North,84,21.251668357492285,0,1,1,4
2023-01-06 02:00:00,South,25,59.1957811542398,2,2,2,4
2023-01-06 03:00:00,East,17,39.93887752130654,0,0,3,4
2023-01-06 04:00:00,North,13,52.54871814316205,0,1,4,4
2023-01-06 05:00:00,West,13,49.59661080702797,0,3,5,4
2023-01-06 06:00:00,South,65,24.8915893731456,0,2,6,4
2023-01-06 07:00:00,North,34,44.19568166742991,0,1,7,4
2023-01-06 08:00:00,West,76,33.2336674953394,1,3,8,4
2023-01-06 09:00:00,West,76,45.10398732005916,0,3,9,4
2023-01-06 10:00:00,West,36,32.21469682053456,0,3,10,4
2023-01-06 11:00:00,North,41,70.42714437661601,0,1,11,4
2023-01-06 12:00:00,North,59,30.451600194695217,0,1,12,4
2023-01-06 13:00:00,North,70,77.64683308921862,0,1,13,4
2023-01-06 14:00:00,East,60,44.95444196881645,1,0,14,4
2023-01-06 15:00:00,North,28,70.77471752114296,0,1,15,4
2023-01-06 16:00:00,North,30,57.72588909235671,0,1,16,4
2023-01-06 17:00:00,North,14,64.12101791994516,1,1,17,4
2023-01-06 18:00:00,East,91,66.06343328400682,0,0,18,4
2023-01-06 19:00:00,North,51,50.29069291358107,0,1,19,4
2023-01-06 20:00:00,West,70,52.5980314017973,0,3,20,4
2023-01-06 21:00:00,North,31,50.839752068523495,0,1,21,4
2023-01-06 22:00:00,West,30,55.28350268540476,0,3,22,4
2023-01-06 23:00:00,West,79,21.76366674539044,0,3,23,4
2023-01-07 00:00:00,West,10,43.73091019094092,1,3,0,5
2023-01-07 01:00:00,East,14,56.37132281367029,0,0,1,5
2023-01-07 02:00:00,East,21,55.86341391535186,0,0,2,5
2023-01-07 03:00:00,East,99,67.57736567633789,0,0,3,5
2023-01-07 04:00:00,North,55,59.30056032992651,0,1,4,5
2023-01-07 05:00:00,West,43,79.52799898044034,0,3,5,5
2023-01-07 06:00:00,East,58,37.0312717165187,0,0,6,5
2023-01-07 07:00:00,East,87,41.54906177997389,0,0,7,5
2023-01-07 08:00:00,North,99,43.03082911206778,0,1,8,5
2023-01-07 09:00:00,East,54,47.94876842121491,0,0,9,5
2023-01-07 10:00:00,North,36,70.15988382687257,1,1,10,5
2023-01-07 11:00:00,South,82,34.14752563755259,0,2,11,5
2023-01-07 12:00:00,East,35,66.56001242212577,0,0,12,5
2023-01-07 13:00:00,South,56,44.3186109851446,0,2,13,5
2023-01-07 14:00:00,North,95,56.11132301972051,0,1,14,5
2023-01-07 15:00:00,West,65,57.952431993578365,0,3,15,5
2023-01-07 16:00:00,East,72,42.37091823133606,0,0,16,5
2023-01-07 17:00:00,North,57,50.75691231234831,0,1,17,5
2023-01-07 18:00:00,West,70,44.78187047886182,1,3,18,5
2023-01-07 19:00:00,West,90,24.14796717119717,1,3,19,5
2023-01-07 20:00:00,South,35,46.2299233290096,0,2,20,5
2023-01-07 21:00:00,North,45,25.84360355321313,0,1,21,5
2023-01-07 22:00:00,West,10,44.301247944819295,0,3,22,5
2023-01-07 23:00:00,East,17,55.575103989906914,1,0,23,5
2023-01-08 00:00:00,East,61,54.764893960610046,1,0,0,6
2023-01-08 01:00:00,South,88,59.75727674049922,0,2,1,6
2023-01-08 02:00:00,West,56,25.715690477277576,0,3,2,6
2023-01-08 03:00:00,North,65,59.12739473182627,0,1,3,6
2023-01-08 04:00:00,East,95,38.72888340178682,1,0,4,6
2023-01-08 05:00:00,West,23,43.942756768226666,0,3,5,6
2023-01-08 06:00:00,West,99,71.47917523536235,0,3,6,6
2023-01-08 07:00:00,South,37,20.54182424777301,0,2,7,6
2023-01-08 08:00:00,East,96,55.30475800043633,0,0,8,6
2023-01-08 09:00:00,East,87,55.92283880600645,0,0,9,6
2023-01-08 10:00:00,North,97,43.79958658061372,1,1,10,6
2023-01-08 11:00:00,East,11,34.22167142650017,0,0,11,6
2023-01-08 12:00:00,North,35,34.08044229569306,0,1,12,6
2023-01-08 13:00:00,East,23,73.02258017964516,0,0,13,6
2023-01-08 14:00:00,South,68,46.52146242697145,1,2,14,6
2023-01-08 15:00:00,East,65,39.85336177935032,0,0,15,6
2023-01-08 16:00:00,North,16,46.92665442988418,0,1,16,6
2023-01-08 17:00:00,North,12,60.16342408756168,0,1,17,6
2023-01-08 18:00:00,South,32,28.745394094685103,0,2,18,6
2023-01-08 19:00:00,East,27,46.96603011282426,1,0,19,6
2023-01-08 20:00:00,East,47,55.273062266623214,1,0,20,6
2023-01-08 21:00:00,South,24,76.91500129108603,0,2,21,6
2023-01-08 22:00:00,East,73,35.15166692452516,0,0,22,6
2023-01-08 23:00:00,East,98,41.55504487497473,0,0,23,6
2023-01-09 00:00:00,North,37,42.76151539534543,1,1,0,0
2023-01-09 01:00:00,East,83,56.33228945869297,1,0,1,0
2023-01-09 02:00:00,East,48,41.4039231824001,0,0,2,0
2023-01-09 03:00:00,South,66,52.01071551798174,0,2,3,0
2023-01-09 04:00:00,South,26,66.90741979070177,0,2,4,0
2023-01-09 05:00:00,West,95,62.32313564673221,0,3,5,0
2023-01-09 06:00:00,North,99,46.782118790755135,1,1,6,0
2023-01-09 07:00:00,East,53,71.85297066045013,0,0,7,0
2023-01-09 08:00:00,East,34,53.48841497563177,0,0,8,0
2023-01-09 09:00:00,West,26,52.39435037013275,1,3,9,0
2023-01-09 10:00:00,East,22,22.05126595634949,0,0,10,0
2023-01-09 11:00:00,North,93,79.20157882142969,0,1,11,0
2023-01-09 12:00:00,West,34,27.378248511777603,0,3,12,0
2023-01-09 13:00:00,North,77,33.8678547456588,0,1,13,0
2023-01-09 14:00:00,West,19,23.101810234491616,0,3,14,0
2023-01-09 15:00:00,West,76,58.40017801021482,0,3,15,0
2023-01-09 16:00:00,South,27,33.4820706183608,0,2,16,0
2023-01-09 17:00:00,North,95,30.800626248363407,0,1,17,0
2023-01-09 18:00:00,East,43,25.31333505339448,0,0,18,0
2023-01-09 19:00:00,East,17,26.19853742744094,0,0,19,0
2023-01-09 20:00:00,North,49,55.080242026555325,1,1,20,0
2023-01-09 21:00:00,East,92,61.29247195199573,1,0,21,0
2023-01-09 22:00:00,East,51,43.84273930786407,0,0,22,0
2023-01-09 23:00:00,North,50,48.7938248955244,0,1,23,0
2023-01-10 00:00:00,West,15,61.158064158979045,0,3,0,1
2023-01-10 01:00:00,North,61,21.042787411128774,0,1,1,1
2023-01-10 02:00:00,West,35,39.38783942421672,0,3,2,1
2023-01-10 03:00:00,East,73,78.38586488422078,0,0,3,1
2023-01-10 04:00:00,East,68,54.80673378172808,0,0,4,1
2023-01-10 05:00:00,East,65,35.25347479384959,0,0,5,1
2023-01-10 06:00:00,South,68,51.30380279817279,0,2,6,1
2023-01-10 07:00:00,West,79,40.55920928725492,0,3,7,1
2023-01-10 08:00:00,South,42,51.934699329577946,0,2,8,1
2023-01-10 09:00:00,South,62,27.54449070839893,2,2,9,1
2023-01-10 10:00:00,North,31,27.96287922915664,0,1,10,1
2023-01-10 11:00:00,South,30,28.612541722363574,0,2,11,1
2023-01-10 12:00:00,North,79,76.3891875156105,0,1,12,1
2023-01-10 13:00:00,North,79,63.97393510048051,0,1,13,1
2023-01-10 14:00:00,South,13,29.742913679739253,0,2,14,1
2023-01-10 15:00:00,West,84,31.300945025936088,0,3,15,1
2023-01-10 16:00:00,West,71,63.84976849225258,0,3,16,1
2023-01-10 17:00:00,West,71,29.36983068753044,0,3,17,1
2023-01-10 18:00:00,West,33,34.073677600089724,0,3,18,1
2023-01-10 19:00:00,West,64,77.80080996922393,1,3,19,1
2023-01-10 20:00:00,South,18,35.31839148370591,0,2,20,1
2023-01-10 21:00:00,South,12,59.69794102226881,1,2,21,1
2023-01-10 22:00:00,East,40,78.71787724403183,0,0,22,1
2023-01-10 23:00:00,West,49,42.45780602838756,0,3,23,1
2023-01-11 00:00:00,South,45,21.05095945172373,0,2,0,2
2023-01-11 01:00:00,East,33,34.64883742534246,0,0,1,2
2023-01-11 02:00:00,West,15,69.85263148050232,0,3,2,2
2023-01-11 03:00:00,North,75,71.8765301573022,1,1,3,2
2023-01-11 04:00:00,East,93,66.11116187142747,0,0,4,2
2023-01-11 05:00:00,South,84,26.78658914459438,0,2,5,2
2023-01-11 06:00:00,North,13,67.7306223017842,0,1,6,2
2023-01-11 07:00:00,North,88,75.12066781961025,0,1,7,2
2023-01-11 08:00:00,North,15,56.03657255277417,0,1,8,2
2023-01-11 09:00:00,East,60,76.45252138028388,0,0,9,2
2023-01-11 10:00:00,South,71,69.61033302271264,0,2,10,2
2023-01-11 11:00:00,North,66,60.01829101945444,1,1,11,2
2023-01-11 12:00:00,West,75,54.631114202704886,0,3,12,2
2023-01-11 13:00:00,North,88,40.91442003451823,0,1,13,2
2023-01-11 14:00:00,North,84,29.557246714568308,1,1,14,2
2023-01-11 15:00:00,East,17,56.29723536143245,1,0,15,2
2023-01-11 16:00:00,East,35,39.08669321708717,0,0,16,2
2023-01-11 17:00:00,South,60,71.98632005165872,0,2,17,2
2023-01-11 18:00:00,West,54,79.6002162415177,1,3,18,2
2023-01-11 19:00:00,East,53,65.14566575693435,0,0,19,2
2023-01-11 20:00:00,North,14,25.428901717223045,0,1,20,2
2023-01-11 21:00:00,South,79,37.32113573183828,0,2,21,2
2023-01-11 22:00:00,North,35,26.546577905944982,1,1,22,2
2023-01-11 23:00:00,North,77,59.03069886750295,1,1,23,2
2023-01-12 00:00:00,East,28,65.91145187334709,0,0,0,3
2023-01-12 01:00:00,South,93,75.54048985284271,0,2,1,3
2023-01-12 02:00:00,West,29,46.29034078471926,0,3,2,3
2023-01-12 03:00:00,West,21,74.08253897530665,0,3,3,3
2023-01-12 04:00:00,East,56,72.67346954247965,0,0,4,3
2023-01-12 05:00:00,East,10,39.03174300592392,0,0,5,3
2023-01-12 06:00:00,South,99,72.13403753243426,1,2,6,3
2023-01-12 07:00:00,West,23,42.54033511290359,0,3,7,3
2023-01-12 08:00:00,West,73,37.812156473616845,1,3,8,3
2023-01-12 09:00:00,West,47,58.94447952766358,0,3,9,3
2023-01-12 10:00:00,North,46,39.70287367310486,0,1,10,3
2023-01-12 11:00:00,West,20,57.81252489974865,0,3,11,3
2023-01-12 12:00:00,North,86,56.58990832992167,0,1,12,3
2023-01-12 13:00:00,South,12,53.80633564090753,0,2,13,3
2023-01-12 14:00:00,North,42,42.82518225396786,0,1,14,3
2023-01-12 15:00:00,South,15,52.90998329908861,0,2,15,3
2023-01-12 16:00:00,West,59,55.7891284991253,0,3,16,3
2023-01-12 17:00:00,West,19,52.74121330972841,0,3,17,3
2023-01-12 18:00:00,South,14,46.66516716507209,0,2,18,3
2023-01-12 19:00:00,East,32,20.880023422775828,0,0,19,3
2023-01-12 20:00:00,South,19,55.223702462069056,0,2,20,3
2023-01-12 21:00:00,East,53,30.10666310856318,0,0,21,3
2023-01-12 22:00:00,North,11,58.554558136831375,1,1,22,3
2023-01-12 23:00:00,North,22,65.56065967537197,0,1,23,3
2023-01-13 00:00:00,North,49,50.02671854784449,1,1,0,4
2023-01-13 01:00:00,West,11,52.5418198987843,0,3,1,4
2023-01-13 02:00:00,North,93,77.08871357995946,0,1,2,4
2023-01-13 03:00:00,East,74,70.83004168235445,0,0,3,4
2023-01-13 04:00:00,North,72,74.85419095708819,0,1,4,4
2023-01-13 05:00:00,South,82,68.82597729917518,0,2,5,4
2023-01-13 06:00:00,South,26,26.53510051080389,1,2,6,4
2023-01-13 07:00:00,West,18,28.93951135821168,0,3,7,4
2023-01-13 08:00:00,South,84,51.59742783613758,0,2,8,4
2023-01-13 09:00:00,East,24,34.7641795278799,0,0,9,4
2023-01-13 10:00:00,North,33,48.60172850246955,0,1,10,4
2023-01-13 11:00:00,West,47,43.66191942910101,0,3,11,4
2023-01-13 12:00:00,North,44,52.9648543058272,1,1,12,4
2023-01-13 13:00:00,North,58,64.81254296814936,0,1,13,4
2023-01-13 14:00:00,East,78,62.92945442595647,0,0,14,4
2023-01-13 15:00:00,South,71,51.27404794912006,0,2,15,4
2023-01-13 16:00:00,South,69,69.34360512902349,0,2,16,4
2023-01-13 17:00:00,North,59,45.851725492282,0,1,17,4
2023-01-13 18:00:00,West,87,73.80285739040734,0,3,18,4
2023-01-13 19:00:00,South,84,24.276816203309835,0,2,19,4
2023-01-13 20:00:00,West,18,77.27960180199844,1,3,20,4
2023-01-13 21:00:00,South,43,59.28158488588089,1,2,21,4
2023-01-13 22:00:00,West,85,42.80447053623232,0,3,22,4
2023-01-13 23:00:00,East,44,31.82924759437264,0,0,23,4
2023-01-14 00:00:00,West,10,48.75099376661599,0,3,0,5
2023-01-14 01:00:00,East,49,31.673499391118057,0,0,1,5
2023-01-14 02:00:00,East,73,29.979896464588528,0,0,2,5
2023-01-14 03:00:00,West,31,57.04110544477845,0,3,3,5
2023-01-14 04:00:00,East,69,51.38508347490708,0,0,4,5
2023-01-14 05:00:00,North,73,60.2057620766565,0,1,5,5
2023-01-14 06:00:00,East,81,75.77635264531935,1,0,6,5
2023-01-14 07:00:00,South,20,51.93561280034241,0,2,7,5
2023-01-14 08:00:00,West,23,54.855923195767865,0,3,8,5
2023-01-14 09:00:00,North,69,25.37758034929653,1,1,9,5
2023-01-14 10:00:00,West,39,63.05814715451777,0,3,10,5
2023-01-14 11:00:00,South,44,43.99431240824937,0,2,11,5
2023-01-14 12:00:00,South,94,78.60351431975474,0,2,12,5
2023-01-14 13:00:00,South,46,69.39044093573962,0,2,13,5
2023-01-14 14:00:00,East,14,51.3488624309671,0,0,14,5
2023-01-14 15:00:00,East,92,27.393359250329965,0,0,15,5
2023-01-14 16:00:00,West,87,71.56494759683534,0,3,16,5
2023-01-14 17:00:00,West,35,67.9868657254413,0,3,17,5
2023-01-14 18:00:00,North,71,31.07510777222198,1,1,18,5
2023-01-14 19:00:00,North,13,37.716697353218606,0,1,19,5
2023-01-14 20:00:00,West,98,67.60443548887024,0,3,20,5
2023-01-14 21:00:00,East,51,31.11370679284458,1,0,21,5
2023-01-14 22:00:00,South,98,75.06514935028264,1,2,22,5
2023-01-14 23:00:00,West,27,45.47164551178172,0,3,23,5
2023-01-15 00:00:00,North,49,25.22233775525952,0,1,0,6
2023-01-15 01:00:00,East,81,68.94491861025685,1,0,1,6
2023-01-15 02:00:00,West,48,42.41058098230326,2,3,2,6
2023-01-15 03:00:00,West,23,51.58995164922686,0,3,3,6
2023-01-15 04:00:00,East,41,26.73826066467315,1,0,4,6
2023-01-15 05:00:00,West,60,20.155040890698945,0,3,5,6
2023-01-15 06:00:00,East,47,58.27911234759786,0,0,6,6
2023-01-15 07:00:00,South,32,50.910510220023895,0,2,7,6
2023-01-15 08:00:00,East,72,55.61231414738883,1,0,8,6
2023-01-15 09:00:00,East,24,67.62463102283098,0,0,9,6
2023-01-15 10:00:00,East,34,58.79635480537161,0,0,10,6
2023-01-15 11:00:00,West,26,30.486406569642632,0,3,11,6
2023-01-15 12:00:00,West,75,41.64635114663599,1,3,12,6
2023-01-15 13:00:00,East,87,74.35346628726562,0,0,13,6
2023-01-15 14:00:00,West,62,66.19668201510073,0,3,14,6
2023-01-15 15:00:00,North,60,53.39822347620304,0,1,15,6
2023-01-15 16:00:00,North,48,35.33869986855634,1,1,16,6
2023-01-15 17:00:00,West,60,38.1236301100877,0,3,17,6
2023-01-15 18:00:00,West,79,63.91748405513808,0,3,18,6
2023-01-15 19:00:00,East,15,71.07045565116624,1,0,19,6
2023-01-15 20:00:00,South,76,60.28548017183687,0,2,20,6
2023-01-15 21:00:00,West,16,68.5717985461065,0,3,21,6
2023-01-15 22:00:00,North,60,65.99936811202436,1,1,22,6
2023-01-15 23:00:00,East,81,28.982238077417463,0,0,23,6
2023-01-16 00:00:00,West,51,45.43668877479812,0,3,0,0
2023-01-16 01:00:00,North,73,29.17902804971376,0,1,1,0
2023-01-16 02:00:00,North,24,34.114135088119085,0,1,2,0
2023-01-16 03:00:00,South,38,72.15557747906315,1,2,3,0
2023-01-16 04:00:00,East,42,48.373517937990925,0,0,4,0
2023-01-16 05:00:00,East,36,52.12148611055965,0,0,5,0
2023-01-16 06:00:00,South,45,30.706757913666326,0,2,6,0
2023-01-16 07:00:00,South,38,38.73630716292776,0,2,7,0
2023-01-16 08:00:00,East,47,33.8147701056722,1,0,8,0
2023-01-16 09:00:00,East,66,32.371169871105586,0,0,9,0
2023-01-16 10:00:00,West,36,58.27764759895821,0,3,10,0
2023-01-16 11:00:00,West,64,35.413030858742886,0,3,11,0
2023-01-16 12:00:00,South,42,57.92092916122511,0,2,12,0
2023-01-16 13:00:00,West,77,23.50727684651324,0,3,13,0
2023-01-16 14:00:00,North,95,28.50646361162611,1,1,14,0
2023-01-16 15:00:00,West,75,36.47241524000752,0,3,15,0
2023-01-16 16:00:00,West,19,55.8228150137415,1,3,16,0
2023-01-16 17:00:00,North,14,60.55047470524256,0,1,17,0
2023-01-16 18:00:00,South,83,46.56301800677163,0,2,18,0
2023-01-16 19:00:00,North,47,46.74745487463374,0,1,19,0
2023-01-16 20:00:00,West,22,63.47101108391709,0,3,20,0
2023-01-16 21:00:00,South,40,20.949265505934942,0,2,21,0
2023-01-16 22:00:00,West,56,40.46540146845324,0,3,22,0
2023-01-16 23:00:00,North,97,69.12242342715396,1,1,23,0
2023-01-17 00:00:00,North,61,56.193164612802335,0,1,0,1
2023-01-17 01:00:00,West,65,40.233627965325226,0,3,1,1
2023-01-17 02:00:00,East,24,74.33148753978043,0,0,2,1
2023-01-17 03:00:00,East,38,66.35736364696295,0,0,3,1
2023-01-17 04:00:00,North,17,35.893726834204,1,1,4,1
2023-01-17 05:00:00,North,14,58.717390251543016,0,1,5,1
2023-01-17 06:00:00,East,38,55.7450436913374,1,0,6,1
2023-01-17 07:00:00,East,56,44.071274842338966,0,0,7,1
2023-01-17 08:00:00,West,77,42.01736475228804,0,3,8,1
2023-01-17 09:00:00,West,85,40.61362848654224,1,3,9,1
2023-01-17 10:00:00,East,54,57.029347003738806,0,0,10,1
2023-01-17 11:00:00,West,11,46.544596188840174,1,3,11,1
2023-01-17 12:00:00,West,36,69.91178679508532,0,3,12,1
2023-01-17 13:00:00,South,45,60.17615696803772,0,2,13,1
2023-01-17 14:00:00,West,45,24.195896342566048,0,3,14,1
2023-01-17 15:00:00,North,35,58.410093429689965,0,1,15,1
2023-01-17 16:00:00,West,52,36.26884619001109,0,3,16,1
2023-01-17 17:00:00,West,36,55.56871949920536,0,3,17,1
2023-01-17 18:00:00,East,78,60.80791586620708,1,0,18,1
2023-01-17 19:00:00,North,29,33.84975134924073,0,1,19,1
2023-01-17 20:00:00,West,20,47.41151869282212,0,3,20,1
2023-01-17 21:00:00,West,83,31.419491769144063,0,3,21,1
2023-01-17 22:00:00,South,47,23.1403325471905,0,2,22,1
2023-01-17 23:00:00,West,15,42.70858540915214,0,3,23,1
2023-01-18 00:00:00,West,81,41.77665631075952,0,3,0,2
2023-01-18 01:00:00,South,32,79.72882944225543,0,2,1,2
2023-01-18 02:00:00,East,56,46.78114107185853,0,0,2,2
2023-01-18 03:00:00,West,99,40.014172968332026,0,3,3,2
2023-01-18 04:00:00,South,55,54.82850040300048,0,2,4,2
2023-01-18 05:00:00,North,21,25.326043646466108,0,1,5,2
2023-01-18 06:00:00,East,99,77.6999441572888,0,0,6,2
2023-01-18 07:00:00,North,22,58.09760273546199,0,1,7,2
2023-01-18 08:00:00,North,71,65.29026919645086,0,1,8,2
2023-01-18 09:00:00,South,91,30.22867629043505,1,2,9,2
2023-01-18 10:00:00,West,98,44.56867118031224,0,3,10,2
2023-01-18 11:00:00,South,69,45.36134680377137,1,2,11,2
2023-01-18 12:00:00,South,52,69.30838663406522,0,2,12,2
2023-01-18 13:00:00,South,85,20.074200785564567,0,2,13,2
2023-01-18 14:00:00,South,77,38.0511865011953,0,2,14,2
2023-01-18 15:00:00,East,14,78.87418246065823,1,0,15,2
2023-01-18 16:00:00,West,46,48.49319261037312,1,3,16,2
2023-01-18 17:00:00,North,81,42.9515768146405,0,1,17,2
2023-01-18 18:00:00,North,40,27.189740121058783,0,1,18,2
2023-01-18 19:00:00,West,18,78.44987771768093,0,3,19,2
2023-01-18 20:00:00,North,60,21.201581355549468,0,1,20,2
2023-01-18 21:00:00,West,38,64.23081350043458,1,3,21,2
2023-01-18 22:00:00,North,87,66.1159882873105,0,1,22,2
2023-01-18 23:00:00,South,49,34.619402963832,0,2,23,2
2023-01-19 00:00:00,North,50,60.29350661678224,0,1,0,3
2023-01-19 01:00:00,West,95,25.575748662763395,0,3,1,3
2023-01-19 02:00:00,West,20,35.42283598592479,0,3,2,3
2023-01-19 03:00:00,West,32,67.27411929753589,0,3,3,3
2023-01-19 04:00:00,West,10,71.88117152201241,0,3,4,3
2023-01-19 05:00:00,West,55,56.50918475958748,0,3,5,3
2023-01-19 06:00:00,East,30,50.41030590922895,1,0,6,3
2023-01-19 07:00:00,East,99,29.558241237138816,0,0,7,3
2023-01-19 08:00:00,North,45,23.78654198474901,0,1,8,3
2023-01-19 09:00:00,West,63,27.05894170841352,1,3,9,3
2023-01-19 10:00:00,North,96,33.64143800576593,1,1,10,3
2023-01-19 11:00:00,West,66,40.50047011381525,0,3,11,3
2023-01-19 12:00:00,West,10,42.85457153065923,0,3,12,3
2023-01-19 13:00:00,East,72,40.77930611534021,1,0,13,3
2023-01-19 14:00:00,East,63,34.343319931835936,0,0,14,3
2023-01-19 15:00:00,South,64,50.58345480510189,0,2,15,3
2023-01-19 16:00:00,East,49,69.5171664939738,0,0,16,3
2023-01-19 17:00:00,South,24,36.78221230828875,0,2,17,3
2023-01-19 18:00:00,South,30,76.54322114613399,0,2,18,3
2023-01-19 19:00:00,South,56,72.40019970343087,1,2,19,3
2023-01-19 20:00:00,South,82,29.705852681126576,0,2,20,3
2023-01-19 21:00:00,South,62,67.17655740542567,0,2,21,3
2023-01-19 22:00:00,North,18,54.475242939066,0,1,22,3
2023-01-19 23:00:00,East,83,53.99452173028512,0,0,23,3
2023-01-20 00:00:00,South,61,43.46256578349046,0,2,0,4
2023-01-20 01:00:00,West,66,50.069179950920585,0,3,1,4
2023-01-20 02:00:00,East,35,43.83072664575266,2,0,2,4
2023-01-20 03:00:00,East,50,52.38395712559657,1,0,3,4
2023-01-20 04:00:00,South,44,57.67700316635815,0,2,4,4
2023-01-20 05:00:00,North,72,60.458228384542906,0,1,5,4
2023-01-20 06:00:00,South,34,51.94887155356557,0,2,6,4
2023-01-20 07:00:00,North,99,63.2853240397239,0,1,7,4
2023-01-20 08:00:00,West,84,28.476682956530347,1,3,8,4
2023-01-20 09:00:00,East,47,32.71894945413431,1,0,9,4
2023-01-20 10:00:00,West,11,69.1241002444562,0,3,10,4
2023-01-20 11:00:00,North,16,39.351678670784906,1,1,11,4
2023-01-20 12:00:00,North,91,21.37362949856721,0,1,12,4
2023-01-20 13:00:00,West,43,29.227468980081863,0,3,13,4
2023-01-20 14:00:00,North,26,33.41686606977868,0,1,14,4
2023-01-20 15:00:00,West,52,77.43937327367523,0,3,15,4
2023-01-20 16:00:00,East,68,54.38248573585096,0,0,16,4
2023-01-20 17:00:00,West,60,75.96384442857529,0,3,17,4
2023-01-20 18:00:00,East,63,54.50980102979749,1,0,18,4
2023-01-20 19:00:00,West,33,48.76126640827111,0,3,19,4
2023-01-20 20:00:00,North,34,38.82366147164576,0,1,20,4
2023-01-20 21:00:00,West,80,56.38225666600253,1,3,21,4
2023-01-20 22:00:00,North,61,28.35188147705179,0,1,22,4
2023-01-20 23:00:00,West,79,73.89569763756236,0,3,23,4
2023-01-21 00:00:00,West,97,69.75994430847703,0,3,0,5
2023-01-21 01:00:00,South,42,39.05188687260422,1,2,1,5
2023-01-21 02:00:00,North,58,77.16785165607766,0,1,2,5
2023-01-21 03:00:00,South,38,69.5120460449341,0,2,3,5
2023-01-21 04:00:00,North,72,59.978413150102384,0,1,4,5
2023-01-21 05:00:00,South,31,27.305714667516487,2,2,5,5
2023-01-21 06:00:00,East,35,48.694041382884336,1,0,6,5
2023-01-21 07:00:00,West,37,50.366453290805055,0,3,7,5
2023-01-21 08:00:00,North,94,33.95308150192281,0,1,8,5
2023-01-21 09:00:00,North,58,24.79792366155812,0,1,9,5
2023-01-21 10:00:00,West,80,66.60341782830156,0,3,10,5
2023-01-21 11:00:00,North,90,27.322103127463706,1,1,11,5
2023-01-21 12:00:00,North,93,55.65744503370648,1,1,12,5
2023-01-21 13:00:00,South,58,76.18695043301963,1,2,13,5
2023-01-21 14:00:00,North,29,72.56631155588255,0,1,14,5
2023-01-21 15:00:00,East,95,36.66515742495567,0,0,15,5
2023-01-21 16:00:00,East,72,71.08691825307592,0,0,16,5
2023-01-21 17:00:00,West,70,20.019950367229363,0,3,17,5
2023-01-21 18:00:00,North,58,21.061268576795435,0,1,18,5
2023-01-21 19:00:00,West,80,56.1531898305719,0,3,19,5
2023-01-21 20:00:00,East,10,41.887893148671765,0,0,20,5
2023-01-21 21:00:00,North,22,43.18765046954883,0,1,21,5
2023-01-21 22:00:00,North,96,53.86646544073295,0,1,22,5
2023-01-21 23:00:00,West,60,31.506947335511637,0,3,23,5
2023-01-22 00:00:00,East,65,32.705321039928705,0,0,0,6
2023-01-22 01:00:00,North,92,49.07609522113188,1,1,1,6
2023-01-22 02:00:00,West,71,65.25521266063178,1,3,2,6
2023-01-22 03:00:00,East,41,57.16986508445526,2,0,3,6
2023-01-22 04:00:00,West,39,37.84130289421033,0,3,4,6
2023-01-22 05:00:00,South,38,45.82023065053527,0,2,5,6
2023-01-22 06:00:00,North,58,30.239885512999905,0,1,6,6
2023-01-22 07:00:00,South,54,24.477788860224905,0,2,7,6
2023-01-22 08:00:00,East,39,66.96176244464895,0,0,8,6
2023-01-22 09:00:00,South,25,35.923244551291674,0,2,9,6
2023-01-22 10:00:00,South,49,30.665983271074893,0,2,10,6
2023-01-22 11:00:00,East,28,61.49708333415916,0,0,11,6
2023-01-22 12:00:00,West,27,57.08310045723116,0,3,12,6
2023-01-22 13:00:00,South,10,57.99137756080784,1,2,13,6
2023-01-22 14:00:00,West,87,33.733676290796815,0,3,14,6
2023-01-22 15:00:00,South,56,33.95873231376086,0,2,15,6
2023-01-22 16:00:00,West,75,33.24815778713835,1,3,16,6
2023-01-22 17:00:00,East,47,30.42515573973767,2,0,17,6
2023-01-22 18:00:00,South,60,59.34342035369938,1,2,18,6
2023-01-22 19:00:00,East,72,70.88095311496409,0,0,19,6
2023-01-22 20:00:00,South,13,63.45904818059967,1,2,20,6
2023-01-22 21:00:00,East,10,67.52561802563258,0,0,21,6
2023-01-22 22:00:00,East,17,44.28790574511199,0,0,22,6
2023-01-22 23:00:00,South,38,59.244547722319886,0,2,23,6
2023-01-23 00:00:00,South,64,41.25417442668648,0,2,0,0
2023-01-23 01:00:00,South,12,51.5302773181184,0,2,1,0
2023-01-23 02:00:00,North,41,48.898090792091736,0,1,2,0
2023-01-23 03:00:00,West,19,30.61322870863126,0,3,3,0
2023-01-23 04:00:00,North,83,43.224725620137846,1,1,4,0
2023-01-23 05:00:00,North,92,77.82933652894107,0,1,5,0
2023-01-23 06:00:00,East,43,34.91481546289653,1,0,6,0
2023-01-23 07:00:00,South,96,28.02822417676932,0,2,7,0
2023-01-23 08:00:00,West,64,45.11483729743612,0,3,8,0
2023-01-23 09:00:00,East,41,67.42026415160888,1,0,9,0
2023-01-23 10:00:00,North,59,54.928893786798334,0,1,10,0
2023-01-23 11:00:00,South,16,60.85848963429467,0,2,11,0
2023-01-23 12:00:00,East,17,31.38169089048063,0,0,12,0
2023-01-23 13:00:00,South,74,57.13689158046329,0,2,13,0
2023-01-23 14:00:00,East,66,39.41002369468843,0,0,14,0
2023-01-23 15:00:00,South,76,70.05820195728606,0,2,15,0
2023-01-23 16:00:00,North,97,57.75792836064417,0,1,16,0
2023-01-23 17:00:00,West,96,31.93137666651776,0,3,17,0
2023-01-23 18:00:00,North,68,23.87700079064517,0,1,18,0
2023-01-23 19:00:00,West,81,22.557992557221965,1,3,19,0
2023-01-23 20:00:00,South,63,42.28451405900845,0,2,20,0
2023-01-23 21:00:00,East,76,35.95106819925881,1,0,21,0
2023-01-23 22:00:00,North,60,58.76540740775048,0,1,22,0
2023-01-23 23:00:00,West,17,49.9600300987171,0,3,23,0
2023-01-24 00:00:00,North,43,35.961156680322844,0,1,0,1
2023-01-24 01:00:00,West,44,28.954266677010565,1,3,1,1
2023-01-24 02:00:00,North,97,27.631985761246973,0,1,2,1
2023-01-24 03:00:00,West,87,71.87962352842506,0,3,3,1
2023-01-24 04:00:00,West,41,34.60867810429203,0,3,4,1
2023-01-24 05:00:00,South,55,59.1026388746581,1,2,5,1
2023-01-24 06:00:00,West,25,68.64115567917597,0,3,6,1
2023-01-24 07:00:00,South,77,56.84487867108417,0,2,7,1
2023-01-24 08:00:00,West,46,71.57391389881676,0,3,8,1
2023-01-24 09:00:00,East,63,43.54362329170847,0,0,9,1
2023-01-24 10:00:00,East,94,77.3733314389369,0,0,10,1
2023-01-24 11:00:00,East,23,27.988700250685817,0,0,11,1
2023-01-24 12:00:00,West,64,26.12897177945229,0,3,12,1
2023-01-24 13:00:00,South,57,59.521528772446615,0,2,13,1
2023-01-24 14:00:00,South,91,76.5698684847957,0,2,14,1
2023-01-24 15:00:00,West,16,68.53300769817969,0,3,15,1
2023-01-24 16:00:00,East,83,24.58501156628309,1,0,16,1
2023-01-24 17:00:00,East,16,36.76206283608298,0,0,17,1
2023-01-24 18:00:00,South,42,75.81913309026942,0,2,18,1
2023-01-24 19:00:00,East,32,35.18350596804707,0,0,19,1
2023-01-24 20:00:00,North,94,66.87022542721516,0,1,20,1
2023-01-24 21:00:00,South,28,69.50793175572223,0,2,21,1
2023-01-24 22:00:00,East,28,49.727126207658905,0,0,22,1
2023-01-24 23:00:00,South,45,43.18093459089893,0,2,23,1
2023-01-25 00:00:00,North,38,47.00746594518558,1,1,0,2
2023-01-25 01:00:00,South,69,33.61788166192185,0,2,1,2
2023-01-25 02:00:00,South,91,73.36345496773066,0,2,2,2
2023-01-25 03:00:00,South,11,47.03717940378547,0,2,3,2
2023-01-25 04:00:00,South,10,72.94756642736598,0,2,4,2
2023-01-25 05:00:00,North,56,26.341608794376445,1,1,5,2
2023-01-25 06:00:00,West,78,79.29651626000788,0,3,6,2
2023-01-25 07:00:00,South,29,46.596385246617096,0,2,7,2
2023-01-25 08:00:00,South,20,22.869849223646327,0,2,8,2
2023-01-25 09:00:00,East,11,22.28131089424729,0,0,9,2
2023-01-25 10:00:00,South,76,64.77243544891031,0,2,10,2
2023-01-25 11:00:00,East,96,59.54213205222084,0,0,11,2
2023-01-25 12:00:00,West,21,68.12783348765525,0,3,12,2
2023-01-25 13:00:00,North,29,26.32205203716836,0,1,13,2
2023-01-25 14:00:00,North,14,22.1342520221329,0,1,14,2
2023-01-25 15:00:00,West,46,50.51475736685471,0,3,15,2
2023-01-25 16:00:00,North,47,43.25571388896617,0,1,16,2
2023-01-25 17:00:00,West,18,47.71681620025734,0,3,17,2
2023-01-25 18:00:00,West,62,79.49530453221644,0,3,18,2
2023-01-25 19:00:00,West,53,78.24499746024021,0,3,19,2
2023-01-25 20:00:00,North,95,76.53892338039157,1,1,20,2
2023-01-25 21:00:00,East,33,67.03056060606043,0,0,21,2
2023-01-25 22:00:00,West,90,41.29048161541343,0,3,22,2
2023-01-25 23:00:00,South,83,44.7278558157663,0,2,23,2
2023-01-26 00:00:00,North,39,52.97696262313547,0,1,0,3
2023-01-26 01:00:00,West,68,69.8320673842904,0,3,1,3
2023-01-26 02:00:00,West,96,24.122769951096068,1,3,2,3
2023-01-26 03:00:00,South,90,45.45781315309328,0,2,3,3
2023-01-26 04:00:00,East,90,24.95705980755612,0,0,4,3
2023-01-26 05:00:00,East,23,50.879455194410696,0,0,5,3
2023-01-26 06:00:00,East,18,73.93404944037412,0,0,6,3
2023-01-26 07:00:00,West,49,66.94909547383628,0,3,7,3
2023-01-26 08:00:00,West,75,33.6705450525866,0,3,8,3
2023-01-26 09:00:00,West,34,78.55945097592755,1,3,9,3
2023-01-26 10:00:00,North,82,60.0410238827857,0,1,10,3
2023-01-26 11:00:00,South,31,20.625661963844184,0,2,11,3
2023-01-26 12:00:00,West,13,35.32480908111317,0,3,12,3
2023-01-26 13:00:00,South,35,35.642797995195,0,2,13,3
2023-01-26 14:00:00,South,67,24.1552583771516,0,2,14,3
2023-01-26 15:00:00,East,38,77.58959108455574,0,0,15,3
2023-01-26 16:00:00,North,96,48.69531767455543,0,1,16,3
2023-01-26 17:00:00,West,46,73.74887584231291,0,3,17,3
2023-01-26 18:00:00,East,84,39.3329302066777,0,0,18,3
2023-01-26 19:00:00,East,79,27.51401422596963,0,0,19,3
2023-01-26 20:00:00,West,27,48.46016659437284,0,3,20,3
2023-01-26 21:00:00,South,94,26.837398082859032,0,2,21,3
2023-01-26 22:00:00,East,51,49.16093017865239,0,0,22,3
2023-01-26 23:00:00,South,50,75.21783087316447,0,2,23,3
2023-01-27 00:00:00,North,47,51.246088510052765,0,1,0,4
2023-01-27 01:00:00,South,43,56.98998361370501,1,2,1,4
2023-01-27 02:00:00,North,26,29.3983062184285,0,1,2,4
2023-01-27 03:00:00,South,46,22.624137552798167,0,2,3,4
2023-01-27 04:00:00,East,34,26.64847773078842,0,0,4,4
2023-01-27 05:00:00,East,85,55.91189454106194,0,0,5,4
2023-01-27 06:00:00,North,96,25.70070193953828,1,1,6,4
2023-01-27 07:00:00,West,95,42.55957339647868,0,3,7,4
2023-01-27 08:00:00,North,94,53.00551642748936,0,1,8,4
2023-01-27 09:00:00,North,36,43.31916791779082,0,1,9,4
2023-01-27 10:00:00,South,66,29.821028087918087,0,2,10,4
2023-01-27 11:00:00,South,40,36.4274784508464,0,2,11,4
2023-01-27 12:00:00,North,15,75.69905197091461,0,1,12,4
2023-01-27 13:00:00,East,49,60.55893653518133,0,0,13,4
2023-01-27 14:00:00,South,21,49.7628703207932,0,2,14,4
2023-01-27 15:00:00,West,62,20.76289339921361,0,3,15,4
2023-01-27 16:00:00,South,80,79.54492402936822,1,2,16,4
2023-01-27 17:00:00,South,19,60.28729609367859,1,2,17,4
2023-01-27 18:00:00,West,54,39.0153486406967,1,3,18,4
2023-01-27 19:00:00,North,26,72.75611959987029,0,1,19,4
2023-01-27 20:00:00,West,35,35.50589721750909,0,3,20,4
2023-01-27 21:00:00,North,94,52.64099475096509,0,1,21,4
2023-01-27 22:00:00,North,71,58.16424582378951,0,1,22,4
2023-01-27 23:00:00,North,55,33.26380228722371,0,1,23,4
2023-01-28 00:00:00,West,73,78.70383672803575,0,3,0,5
2023-01-28 01:00:00,North,11,64.89151435873985,0,1,1,5
2023-01-28 02:00:00,East,63,53.46879353066419,1,0,2,5
2023-01-28 03:00:00,West,74,30.83567589051805,1,3,3,5
2023-01-28 04:00:00,East,60,23.23149241988157,0,0,4,5
2023-01-28 05:00:00,North,62,39.203589951259005,0,1,5,5
2023-01-28 06:00:00,South,45,65.19124015480418,0,2,6,5
2023-01-28 07:00:00,North,35,36.15987789812151,0,1,7,5
2023-01-28 08:00:00,East,38,52.37337322973031,0,0,8,5
2023-01-28 09:00:00,East,30,63.67683060384459,0,0,9,5
2023-01-28 10:00:00,West,20,26.47662287878786,0,3,10,5
2023-01-28 11:00:00,South,49,61.117880966952406,1,2,11,5
2023-01-28 12:00:00,West,20,25.512253262602684,1,3,12,5
2023-01-28 13:00:00,East,45,77.90778452761978,0,0,13,5
2023-01-28 14:00:00,North,68,49.303647803896375,0,1,14,5
2023-01-28 15:00:00,South,48,29.040566462592643,0,2,15,5
2023-01-28 16:00:00,North,63,40.54301816201279,0,1,16,5
2023-01-28 17:00:00,North,64,44.80498695771568,0,1,17,5
2023-01-28 18:00:00,South,33,65.49110066459224,0,2,18,5
2023-01-28 19:00:00,West,31,64.60542716459656,0,3,19,5
2023-01-28 20:00:00,North,78,56.71643032023986,0,1,20,5
2023-01-28 21:00:00,East,65,26.355842753509577,1,0,21,5
2023-01-28 22:00:00,North,42,29.09416229526041,0,1,22,5
2023-01-28 23:00:00,South,45,25.6254152387334,0,2,23,5
2023-01-29 00:00:00,South,29,54.630366997253006,0,2,0,6
2023-01-29 01:00:00,South,92,72.62830649068424,0,2,1,6
2023-01-29 02:00:00,West,90,46.02803073528631,0,3,2,6
2023-01-29 03:00:00,North,71,29.65089043746477,1,1,3,6
2023-01-29 04:00:00,West,82,53.48253950893802,2,3,4,6
2023-01-29 05:00:00,West,35,68.70513301194259,0,3,5,6
2023-01-29 06:00:00,South,75,64.50272369077581,1,2,6,6
2023-01-29 07:00:00,South,82,72.8870467805013,0,2,7,6
2023-01-29 08:00:00,West,82,36.67412583493207,1,3,8,6
2023-01-29 09:00:00,North,49,31.637232036066493,0,1,9,6
2023-01-29 10:00:00,East,26,72.78898915651632,0,0,10,6
2023-01-29 11:00:00,West,10,59.45361876668139,0,3,11,6
2023-01-29 12:00:00,North,98,38.65573580045325,0,1,12,6
2023-01-29 13:00:00,South,70,64.54088303435054,0,2,13,6
2023-01-29 14:00:00,South,52,68.90710306882207,0,2,14,6
2023-01-29 15:00:00,North,51,56.89869442046794,0,1,15,6
2023-01-29 16:00:00,East,34,61.273046592794906,0,0,16,6
2023-01-29 17:00:00,South,48,42.51559426655998,0,2,17,6
2023-01-29 18:00:00,South,44,52.32174004058235,0,2,18,6
2023-01-29 19:00:00,South,12,51.44955024356973,0,2,19,6
2023-01-29 20:00:00,North,53,70.88286746784631,0,1,20,6
2023-01-29 21:00:00,West,60,70.39783881693096,0,3,21,6
2023-01-29 22:00:00,South,21,69.96082816082259,0,2,22,6
2023-01-29 23:00:00,West,28,20.661896855747948,1,3,23,6
2023-01-30 00:00:00,East,53,64.9727290681333,0,0,0,0
2023-01-30 01:00:00,South,68,65.5205834066603,0,2,1,0
2023-01-30 02:00:00,South,58,60.70272937130851,0,2,2,0
2023-01-30 03:00:00,East,70,65.37587947348715,0,0,3,0
2023-01-30 04:00:00,South,26,70.51822228980252,0,2,4,0
2023-01-30 05:00:00,West,83,48.21914324610714,0,3,5,0
2023-01-30 06:00:00,North,66,50.12301280930683,0,1,6,0
2023-01-30 07:00:00,West,64,27.48284341468343,0,3,7,0
2023-01-30 08:00:00,North,56,43.12255298284171,0,1,8,0
2023-01-30 09:00:00,North,21,58.60191079470706,0,1,9,0
2023-01-30 10:00:00,West,71,66.82398656883647,0,3,10,0
2023-01-30 11:00:00,West,89,33.032545861472634,0,3,11,0
2023-01-30 12:00:00,West,97,28.26937394955412,0,3,12,0
2023-01-30 13:00:00,West,92,59.782520270029536,0,3,13,0
2023-01-30 14:00:00,East,17,20.11279301149464,0,0,14,0
2023-01-30 15:00:00,South,30,30.70235505843979,0,2,15,0
2023-01-30 16:00:00,North,90,21.744282820637224,0,1,16,0
2023-01-30 17:00:00,West,96,30.013107071292254,0,3,17,0
2023-01-30 18:00:00,West,89,30.879156795530317,0,3,18,0
2023-01-30 19:00:00,West,79,43.26041568502365,0,3,19,0
2023-01-30 20:00:00,East,81,44.13962748119336,1,0,20,0
2023-01-30 21:00:00,West,34,72.45574823661427,0,3,21,0
2023-01-30 22:00:00,West,91,50.60658274992952,0,3,22,0
2023-01-30 23:00:00,West,98,63.404285936737175,0,3,23,0
2023-01-31 00:00:00,South,21,26.24824147521725,0,2,0,1
2023-01-31 01:00:00,East,24,33.52632532782163,0,0,1,1
2023-01-31 02:00:00,West,68,62.176606458720606,0,3,2,1
2023-01-31 03:00:00,North,35,23.168237628111687,1,1,3,1
2023-01-31 04:00:00,North,35,49.19585973462519,1,1,4,1
2023-01-31 05:00:00,North,56,55.96213793977603,0,1,5,1
2023-01-31 06:00:00,East,41,56.128738643148864,0,0,6,1
2023-01-31 07:00:00,East,19,21.37596867608252,0,0,7,1
2023-01-31 08:00:00,North,25,39.32648025375113,0,1,8,1
2023-01-31 09:00:00,West,80,58.18943906294924,0,3,9,1
2023-01-31 10:00:00,East,26,28.93998416895461,0,0,10,1
2023-01-31 11:00:00,North,32,61.7249388996832,0,1,11,1
2023-01-31 12:00:00,North,35,64.75551252882047,0,1,12,1
2023-01-31 13:00:00,West,94,78.91815142676872,1,3,13,1
2023-01-31 14:00:00,South,95,32.590519691384564,0,2,14,1
2023-01-31 15:00:00,East,16,69.50784005996691,1,0,15,1
2023-01-31 16:00:00,West,23,51.217794615119246,0,3,16,1
2023-01-31 17:00:00,North,88,42.4077557686504,0,1,17,1
2023-01-31 18:00:00,North,16,27.34260543951068,1,1,18,1
2023-01-31 19:00:00,West,18,64.13033638925225,0,3,19,1
2023-01-31 20:00:00,East,57,34.151455948621226,0,0,20,1
2023-01-31 21:00:00,South,81,42.28532011238275,0,2,21,1
2023-01-31 22:00:00,South,68,23.752533613842107,0,2,22,1
2023-01-31 23:00:00,North,96,68.08201494917114,0,1,23,1
2023-02-01 00:00:00,East,91,65.9953114382986,0,0,0,2
2023-02-01 01:00:00,South,48,64.01694980253875,0,2,1,2
2023-02-01 02:00:00,East,27,37.9666106295132,1,0,2,2
2023-02-01 03:00:00,East,68,30.408804455957437,0,0,3,2
2023-02-01 04:00:00,North,26,58.25319586821379,0,1,4,2
2023-02-01 05:00:00,South,23,49.76998304679317,0,2,5,2
2023-02-01 06:00:00,West,40,30.69514801427849,1,3,6,2
2023-02-01 07:00:00,North,33,61.15467626299182,0,1,7,2
2023-02-01 08:00:00,South,69,79.46758590927823,0,2,8,2
2023-02-01 09:00:00,South,54,64.83317526452225,0,2,9,2
2023-02-01 10:00:00,South,12,64.39918320113671,0,2,10,2
2023-02-01 11:00:00,South,46,77.01876517583551,0,2,11,2
2023-02-01 12:00:00,South,52,32.176182054494134,0,2,12,2
2023-02-01 13:00:00,East,49,53.93299789528642,1,0,13,2
2023-02-01 14:00:00,North,99,78.77880290203301,0,1,14,2
2023-02-01 15:00:00,East,64,29.917646658210472,0,0,15,2
2023-02-01 16:00:00,West,96,62.01511756667126,0,3,16,2
2023-02-01 17:00:00,South,48,55.14860875831412,0,2,17,2
2023-02-01 18:00:00,North,24,55.18874553132242,0,1,18,2
2023-02-01 19:00:00,South,13,61.86023765120451,0,2,19,2
2023-02-01 20:00:00,North,95,75.77701537254106,1,1,20,2
2023-02-01 21:00:00,East,34,66.95491639108027,0,0,21,2
2023-02-01 22:00:00,North,22,23.3681662049726,0,1,22,2
2023-02-01 23:00:00,West,91,71.16368119254267,0,3,23,2
2023-02-02 00:00:00,West,42,33.53247979554396,0,3,0,3
2023-02-02 01:00:00,North,25,42.61484988418232,0,1,1,3
2023-02-02 02:00:00,North,51,47.70396881674293,1,1,2,3
2023-02-02 03:00:00,North,75,48.85436004518418,1,1,3,3
2023-02-02 04:00:00,North,64,46.11082395532141,0,1,4,3
2023-02-02 05:00:00,West,51,76.24119765295187,0,3,5,3
2023-02-02 06:00:00,South,43,62.36114045984147,1,2,6,3
2023-02-02 07:00:00,North,39,57.87023875740238,1,1,7,3
2023-02-02 08:00:00,North,22,22.99052166697649,0,1,8,3
2023-02-02 09:00:00,West,22,74.23479981562248,0,3,9,3
2023-02-02 10:00:00,West,27,74.56341152050376,0,3,10,3
2023-02-02 11:00:00,East,41,66.81278380580613,0,0,11,3
2023-02-02 12:00:00,North,48,20.421752228817148,0,1,12,3
2023-02-02 13:00:00,East,55,23.4368150646574,0,0,13,3
2023-02-02 14:00:00,West,38,33.513422136109384,0,3,14,3
2023-02-02 15:00:00,West,71,27.880964488694403,0,3,15,3
2023-02-02 16:00:00,South,71,43.93016178222376,0,2,16,3
2023-02-02 17:00:00,North,66,75.35738348526738,0,1,17,3
2023-02-02 18:00:00,East,25,48.3236260518199,0,0,18,3
2023-02-02 19:00:00,West,65,20.804157585929936,0,3,19,3
2023-02-02 20:00:00,West,19,36.96474137472572,0,3,20,3
2023-02-02 21:00:00,East,39,22.67569450237769,0,0,21,3
2023-02-02 22:00:00,South,34,22.17725735681013,0,2,22,3
2023-02-02 23:00:00,West,93,36.543191185733136,0,3,23,3
2023-02-03 00:00:00,North,14,36.536740320736726,0,1,0,4
2023-02-03 01:00:00,West,74,67.22759615609624,1,3,1,4
2023-02-03 02:00:00,North,58,78.4900791668667,0,1,2,4
2023-02-03 03:00:00,East,12,42.2724256333999,0,0,3,4
2023-02-03 04:00:00,North,54,45.73321273166232,1,1,4,4
2023-02-03 05:00:00,East,23,70.6873661771613,0,0,5,4
2023-02-03 06:00:00,North,39,36.0883412057308,1,1,6,4
2023-02-03 07:00:00,East,77,29.38290826420688,0,0,7,4
2023-02-03 08:00:00,North,27,71.18537740421903,0,1,8,4
2023-02-03 09:00:00,South,71,22.79003518640393,1,2,9,4
2023-02-03 10:00:00,North,46,57.18196641196494,0,1,10,4
2023-02-03 11:00:00,North,34,53.71957084800841,0,1,11,4
2023-02-03 12:00:00,South,57,40.75522685010166,0,2,12,4
2023-02-03 13:00:00,West,74,38.91137126584154,0,3,13,4
2023-02-03 14:00:00,West,62,66.31146357089727,1,3,14,4
2023-02-03 15:00:00,North,88,25.18547664575279,0,1,15,4
2023-02-03 16:00:00,South,82,34.20705855868312,0,2,16,4
2023-02-03 17:00:00,North,24,63.946923910285385,0,1,17,4
2023-02-03 18:00:00,East,58,52.899235023585454,0,0,18,4
2023-02-03 19:00:00,East,97,27.679292512015184,0,0,19,4
2023-02-03 20:00:00,North,77,72.9281368569236,0,1,20,4
2023-02-03 21:00:00,West,21,43.60687079381549,0,3,21,4
2023-02-03 22:00:00,West,68,69.67210251933037,0,3,22,4
2023-02-03 23:00:00,North,46,67.26278093166252,1,1,23,4
2023-02-04 00:00:00,North,70,57.46552678830368,1,1,0,5
2023-02-04 01:00:00,East,52,49.66886787770558,0,0,1,5
2023-02-04 02:00:00,West,79,78.77305042290541,0,3,2,5
2023-02-04 03:00:00,North,48,28.697904342789023,1,1,3,5
2023-02-04 04:00:00,East,65,63.509343653066885,0,0,4,5
2023-02-04 05:00:00,West,72,31.47144208788734,0,3,5,5
2023-02-04 06:00:00,South,55,40.2957863199409,0,2,6,5
2023-02-04 07:00:00,East,97,38.521924602391714,0,0,7,5
2023-02-04 08:00:00,West,20,76.82215926432337,0,3,8,5
2023-02-04 09:00:00,West,71,78.04137066729652,0,3,9,5
2023-02-04 10:00:00,East,86,30.98092665408363,0,0,10,5
2023-02-04 11:00:00,South,34,21.32210961785025,0,2,11,5
2023-02-04 12:00:00,East,80,63.200482379786784,0,0,12,5
2023-02-04 13:00:00,West,61,45.079396032229056,0,3,13,5
2023-02-04 14:00:00,North,13,25.330414705253865,0,1,14,5
2023-02-04 15:00:00,North,68,61.02524633462255,1,1,15,5
2023-02-04 16:00:00,East,81,52.70633169564198,0,0,16,5
2023-02-04 17:00:00,West,29,78.83100932006636,0,3,17,5
2023-02-04 18:00:00,North,72,33.64456975168274,0,1,18,5
2023-02-04 19:00:00,West,63,44.238672579592894,0,3,19,5
2023-02-04 20:00:00,East,83,52.55274820372537,0,0,20,5
2023-02-04 21:00:00,North,66,67.50199930720109,0,1,21,5
2023-02-04 22:00:00,West,99,52.93031940320353,1,3,22,5
2023-02-04 23:00:00,North,50,56.77400965171695,0,1,23,5
2023-02-05 00:00:00,East,12,33.568823095396446,0,0,0,6
2023-02-05 01:00:00,West,15,70.81512368531358,0,3,1,6
2023-02-05 02:00:00,North,14,45.717832818228544,0,1,2,6
2023-02-05 03:00:00,East,14,28.45757765130616,0,0,3,6
2023-02-05 04:00:00,North,63,59.85127487032504,0,1,4,6
2023-02-05 05:00:00,North,56,32.96542719111845,0,1,5,6
2023-02-05 06:00:00,South,96,25.853750614357985,0,2,6,6
2023-02-05 07:00:00,South,58,71.71921450425634,0,2,7,6
2023-02-05 08:00:00,East,18,47.60973586930638,0,0,8,6
2023-02-05 09:00:00,South,29,64.95702276174659,0,2,9,6
2023-02-05 10:00:00,East,70,37.4352535883813,1,0,10,6
2023-02-05 11:00:00,South,44,67.21820809505998,0,2,11,6
2023-02-05 12:00:00,North,59,26.71615562129182,1,1,12,6
2023-02-05 13:00:00,East,91,41.35840242769116,0,0,13,6
2023-02-05 14:00:00,East,71,78.68370907841171,0,0,14,6
2023-02-05 15:00:00,North,26,67.63938298208036,0,1,15,6
2023-02-05 16:00:00,East,97,49.83535581888129,0,0,16,6
2023-02-05 17:00:00,East,12,40.38664829371311,0,0,17,6
2023-02-05 18:00:00,South,41,72.3281420013486,0,2,18,6
2023-02-05 19:00:00,East,22,52.69086554507094,0,0,19,6
2023-02-05 20:00:00,West,98,65.50550107214667,1,3,20,6
2023-02-05 21:00:00,North,82,65.24646081896984,0,1,21,6
2023-02-05 22:00:00,South,77,21.07674071410951,1,2,22,6
2023-02-05 23:00:00,South,23,27.57522696755681,1,2,23,6
2023-02-06 00:00:00,West,20,59.57776198368453,0,3,0,0
2023-02-06 01:00:00,North,65,29.697188677152287,0,1,1,0
2023-02-06 02:00:00,North,76,35.32960067933628,0,1,2,0
2023-02-06 03:00:00,South,38,76.79827725197643,0,2,3,0
2023-02-06 04:00:00,East,18,53.61093550249471,1,0,4,0
2023-02-06 05:00:00,South,76,65.04377041996082,0,2,5,0
2023-02-06 06:00:00,North,34,53.4788443269584,1,1,6,0
2023-02-06 07:00:00,West,85,53.15081688696351,0,3,7,0
2023-02-06 08:00:00,South,51,25.649114607541875,1,2,8,0
2023-02-06 09:00:00,North,18,40.61979155654618,0,1,9,0
2023-02-06 10:00:00,South,88,36.945853921190704,1,2,10,0
2023-02-06 11:00:00,East,49,43.4437019368168,0,0,11,0
2023-02-06 12:00:00,South,34,67.9006512934597,0,2,12,0
2023-02-06 13:00:00,South,14,42.31596007501189,0,2,13,0
2023-02-06 14:00:00,North,20,47.10180915390096,1,1,14,0
2023-02-06 15:00:00,North,68,43.84288342911899,0,1,15,0
2023-02-06 16:00:00,North,97,25.60447831851773,0,1,16,0
2023-02-06 17:00:00,South,88,46.46432949504703,0,2,17,0
2023-02-06 18:00:00,East,47,31.7365563826709,0,0,18,0
2023-02-06 19:00:00,West,81,31.20339774638249,1,3,19,0
2023-02-06 20:00:00,West,14,25.64216626605598,0,3,20,0
2023-02-06 21:00:00,North,57,41.40025844850588,0,1,21,0
2023-02-06 22:00:00,North,99,65.44891308736504,0,1,22,0
2023-02-06 23:00:00,South,27,36.58650143500377,0,2,23,0
2023-02-07 00:00:00,West,79,38.74094611313082,0,3,0,1
2023-02-07 01:00:00,North,46,58.56047946034542,0,1,1,1
2023-02-07 02:00:00,East,69,31.75044875521513,0,0,2,1
2023-02-07 03:00:00,East,57,73.81747582541206,0,0,3,1
2023-02-07 04:00:00,North,86,51.21143139509327,0,1,4,1
2023-02-07 05:00:00,North,37,46.85617641921301,0,1,5,1
2023-02-07 06:00:00,West,78,53.469211515752086,0,3,6,1
2023-02-07 07:00:00,West,86,29.96205880497173,1,3,7,1
2023-02-07 08:00:00,South,90,56.80838831835058,1,2,8,1
2023-02-07 09:00:00,West,49,41.78604419804063,0,3,9,1
2023-02-07 10:00:00,East,54,73.83118045787714,1,0,10,1
2023-02-07 11:00:00,East,71,30.131252400661168,1,0,11,1
2023-02-07 12:00:00,North,67,50.42306623192646,0,1,12,1
2023-02-07 13:00:00,West,76,55.88675776214108,0,3,13,1
2023-02-07 14:00:00,South,65,22.003016107182876,0,2,14,1
2023-02-07 15:00:00,East,49,41.82158748536841,0,0,15,1
2023-02-07 16:00:00,East,49,63.95811408204997,0,0,16,1
2023-02-07 17:00:00,South,86,69.22265044693839,0,2,17,1
2023-02-07 18:00:00,South,42,38.78971968903694,0,2,18,1
2023-02-07 19:00:00,East,15,67.91559634296507,0,0,19,1
2023-02-07 20:00:00,East,97,78.06535262620332,0,0,20,1
2023-02-07 21:00:00,South,28,71.41243616450565,1,2,21,1
2023-02-07 22:00:00,East,89,27.058639289559512,1,0,22,1
2023-02-07 23:00:00,North,49,64.38381992513243,0,1,23,1
2023-02-08 00:00:00,North,68,39.18000994643268,0,1,0,2
2023-02-08 01:00:00,South,68,79.3049593647246,0,2,1,2
2023-02-08 02:00:00,West,57,49.121538989593226,0,3,2,2
2023-02-08 03:00:00,South,50,27.34603390153646,0,2,3,2
2023-02-08 04:00:00,South,22,63.51113288164345,0,2,4,2
2023-02-08 05:00:00,West,54,39.38067190317283,0,3,5,2
2023-02-08 06:00:00,West,98,79.8246894248997,0,3,6,2
2023-02-08 07:00:00,West,62,78.7869474712713,0,3,7,2
2023-02-08 08:00:00,North,51,59.36804108123484,0,1,8,2
2023-02-08 09:00:00,East,72,27.789586937103053,0,0,9,2
2023-02-08 10:00:00,North,36,61.21165986050174,0,1,10,2
2023-02-08 11:00:00,East,47,25.581829187601635,0,0,11,2
2023-02-08 12:00:00,North,69,21.761849546143537,0,1,12,2
2023-02-08 13:00:00,East,16,69.37750677328916,0,0,13,2
2023-02-08 14:00:00,North,14,32.585176861020884,0,1,14,2
2023-02-08 15:00:00,West,54,42.74162757314585,0,3,15,2
2023-02-08 16:00:00,South,67,78.4074433985704,0,2,16,2
2023-02-08 17:00:00,North,40,40.2104301116662,0,1,17,2
2023-02-08 18:00:00,East,32,37.78938687699892,0,0,18,2
2023-02-08 19:00:00,West,51,75.09247997736651,0,3,19,2
2023-02-08 20:00:00,North,19,26.644906719137488,0,1,20,2
2023-02-08 21:00:00,North,41,65.5749446068779,0,1,21,2
2023-02-08 22:00:00,West,62,79.28393399916644,0,3,22,2
2023-02-08 23:00:00,North,39,74.07776064647894,1,1,23,2
2023-02-09 00:00:00,South,48,59.100075122385554,0,2,0,3
2023-02-09 01:00:00,North,40,38.84364769956392,0,1,1,3
2023-02-09 02:00:00,South,91,35.259318870699005,0,2,2,3
2023-02-09 03:00:00,South,11,69.15530629228766,0,2,3,3
2023-02-09 04:00:00,West,87,72.78931483710173,0,3,4,3
2023-02-09 05:00:00,North,86,51.52609475274157,0,1,5,3
2023-02-09 06:00:00,West,21,34.66039644718797,0,3,6,3
2023-02-09 07:00:00,North,48,26.77659250467041,0,1,7,3
2023-02-09 08:00:00,North,75,25.23076806990987,1,1,8,3
2023-02-09 09:00:00,East,22,63.144646841231335,0,0,9,3
2023-02-09 10:00:00,North,55,45.207123670863496,0,1,10,3
2023-02-09 11:00:00,West,36,74.32159245667222,0,3,11,3
2023-02-09 12:00:00,South,26,64.38027804360581,0,2,12,3
2023-02-09 13:00:00,North,69,31.475625074875204,0,1,13,3
2023-02-09 14:00:00,East,73,56.82664512894194,0,0,14,3
2023-02-09 15:00:00,West,97,46.13032726388956,0,3,15,3
2023-02-09 16:00:00,North,44,54.63498384611678,1,1,16,3
2023-02-09 17:00:00,West,79,64.28414740031103,0,3,17,3
2023-02-09 18:00:00,East,92,68.37175286022745,0,0,18,3
2023-02-09 19:00:00,East,39,70.62423958440345,0,0,19,3
2023-02-09 20:00:00,West,80,35.23849247432148,0,3,20,3
2023-02-09 21:00:00,North,83,21.866935995041462,0,1,21,3
2023-02-09 22:00:00,South,72,64.35768410988639,0,2,22,3
2023-02-09 23:00:00,East,37,26.38062357534648,1,0,23,3
2023-02-10 00:00:00,North,69,38.89517531677806,0,1,0,4
2023-02-10 01:00:00,North,88,20.22902804746083,0,1,1,4
2023-02-10 02:00:00,South,46,60.9001689440972,1,2,2,4
2023-02-10 03:00:00,East,31,30.02792068827328,0,0,3,4
2023-02-10 04:00:00,East,77,59.31694458149949,1,0,4,4
2023-02-10 05:00:00,North,29,79.50455703007033,1,1,5,4
2023-02-10 06:00:00,North,77,24.360252296600976,0,1,6,4
2023-02-10 07:00:00,South,73,24.62468071708764,0,2,7,4
2023-02-10 08:00:00,South,26,40.4228055600005,0,2,8,4
2023-02-10 09:00:00,East,21,71.98319085508052,0,0,9,4
2023-02-10 10:00:00,West,31,32.93179212747991,0,3,10,4
2023-02-10 11:00:00,East,26,41.622669195820855,0,0,11,4
2023-02-10 12:00:00,North,19,24.110324397618776,0,1,12,4
2023-02-10 13:00:00,East,74,65.78931747553335,1,0,13,4
2023-02-10 14:00:00,West,31,44.49838056556707,0,3,14,4
2023-02-10 15:00:00,South,99,65.55492398365057,1,2,15,4
2023-02-10 16:00:00,West,91,74.21647066080772,0,3,16,4
2023-02-10 17:00:00,West,59,33.96578882607733,0,3,17,4
2023-02-10 18:00:00,West,23,68.44376182039707,0,3,18,4
2023-02-10 19:00:00,South,73,23.545633404695195,0,2,19,4
2023-02-10 20:00:00,West,56,73.93084329081483,0,3,20,4
2023-02-10 21:00:00,West,38,59.04611285352484,0,3,21,4
2023-02-10 22:00:00,West,85,72.4536034483011,0,3,22,4
2023-02-10 23:00:00,North,45,20.011303973394917,0,1,23,4
2023-02-11 00:00:00,West,61,30.14486422135955,0,3,0,5
2023-02-11 01:00:00,South,85,43.38556324558952,0,2,1,5
2023-02-11 02:00:00,West,16,42.77017420248312,1,3,2,5
2023-02-11 03:00:00,West,38,33.60382297541064,2,3,3,5
2023-02-11 04:00:00,South,20,42.896716392032005,0,2,4,5
2023-02-11 05:00:00,West,42,27.73092272001529,0,3,5,5
2023-02-11 06:00:00,South,15,44.76566775596156,0,2,6,5
2023-02-11 07:00:00,West,88,68.14125974955584,0,3,7,5
2023-02-11 08:00:00,South,41,48.74420378620107,0,2,8,5
2023-02-11 09:00:00,West,60,21.0800053367129,0,3,9,5
2023-02-11 10:00:00,West,84,45.28664249475485,2,3,10,5
2023-02-11 11:00:00,North,67,21.63050096545065,0,1,11,5
2023-02-11 12:00:00,North,96,77.97460464240788,0,1,12,5
2023-02-11 13:00:00,West,35,27.647237565372137,0,3,13,5
2023-02-11 14:00:00,West,55,62.46129957983712,0,3,14,5
2023-02-11 15:00:00,East,38,78.36657937352516,0,0,15,5
